TimeStep,RS,RR,RR,RR,RR
0,1.483419895,-0.156509876,1.326910019,0.156509876,-0.313019752
1,1.483419895,-0.156509876,1.326910019,0.156509876,-0.313019752
2,1.483419895,-0.156509876,1.326910019,0.156509876,-0.313019752
3,1.483419895,-0.156509876,1.326910019,0.156509876,-0.313019752
4,1.483419895,-0.156509876,1.326910019,0.156509876,-0.313019752
5,1.483419895,-0.156509876,1.326910019,0.156509876,-0.313019752
6,1.483419895,-0.156509876,1.326910019,0.156509876,-0.313019752
7,1.483419895,-0.156509876,1.326910019,0.156509876,-0.313019752
8,1.483419895,-0.156509876,1.326910019,0.156509876,-0.313019752
9,1.483419895,-0.156509876,1.326910019,0.156509876,-0.313019752
10,1.483419895,-0.156509876,1.326910019,0.156509876,-0.313019752
11,1.483419895,-0.156509876,1.326910019,0.156509876,-0.313019752
12,1.48495388,-0.156509876,1.328444004,0.156509876,-0.313019752
12,1.483419895,-0.156509876,1.326910019,0.156509876,-0.313019752
12,1.483419895,-0.156509876,1.326910019,0.156509876,-0.313019752
12,1.483419895,-0.156509876,1.326910019,0.156509876,-0.313019752
12,1.483419895,-0.156509876,1.326910019,0.156509876,-0.313019752
12,1.483419895,-0.156509876,1.326910019,0.156509876,-0.313019752
12,1.483419895,-0.156509876,1.326910019,0.156509876,-0.313019752
12,1.483419895,-0.156509876,1.326910019,0.156509876,-0.313019752
12,1.483419895,-0.156509876,1.326910019,0.156509876,-0.313019752
12,1.483419895,-0.156509876,1.326910019,0.156509876,-0.313019752
12,1.483419895,-0.156509876,1.326910019,0.156509876,-0.313019752
12,1.483419895,-0.156509876,1.326910019,0.156509876,-0.313019752
12,1.483419895,-0.156509876,1.326910019,0.156509876,-0.313019752
12,1.483419895,-0.156509876,1.326910019,0.156509876,-0.313019752
12,1.483419895,-0.156509876,1.326910019,0.156509876,-0.313019752
12,1.483419895,-0.156509876,1.326910019,0.156509876,-0.313019752
12,1.483419895,-0.156509876,1.326910019,0.156509876,-0.313019752
12,1.483419895,-0.156509876,1.326910019,0.156509876,-0.313019752
12,1.483419895,-0.156509876,1.326910019,0.156509876,-0.313019752
12,1.483419895,-0.156509876,1.326910019,0.156509876,-0.313019752
12,1.483419895,-0.156509876,1.326910019,0.156509876,-0.313019752
12,1.483419895,-0.156509876,1.326910019,0.156509876,-0.313019752
12,1.483419895,-0.156509876,1.326910019,0.156509876,-0.313019752
12,1.483419895,-0.156509876,1.326910019,0.156509876,-0.313019752
12,1.483419895,-0.156509876,1.326910019,0.156509876,-0.313019752
12,1.483419895,-0.156509876,1.326910019,0.156509876,-0.313019752
12,1.483419895,-0.156509876,1.326910019,0.156509876,-0.313019752
12,1.483419895,-0.156509876,1.326910019,0.156509876,-0.313019752
12,1.483419895,-0.156509876,1.326910019,0.156509876,-0.313019752
12,1.483419895,-0.156509876,1.326910019,0.156509876,-0.313019752
12,1.483419895,-0.156509876,1.326910019,0.156509876,-0.313019752
12,1.483419895,-0.156509876,1.326910019,0.156509876,-0.313019752
12,1.483419895,-0.156509876,1.326910019,0.156509876,-0.313019752
12,1.483419895,-0.156509876,1.326910019,0.156509876,-0.313019752
12,1.483419895,-0.156509876,1.326910019,0.156509876,-0.313019752
12,1.483419895,-0.156509876,1.326910019,0.156509876,-0.313019752
12,1.483419895,-0.156509876,1.326910019,0.156509876,-0.313019752
12,1.483419895,-0.156509876,1.326910019,0.156509876,-0.313019752
12,1.477283955,-0.156509876,1.320774079,0.156509876,-0.313019752
12,1.435865879,-0.156509876,1.279356003,0.156509876,-0.313019752
12,1.388311863,-0.156509876,1.231801987,0.156509876,-0.313019752
12,1.349962235,-0.156509876,1.193452359,0.156509876,-0.313019752
12,1.294737816,-0.156509876,1.13822794,0.156509876,-0.313019752
12,1.198095798,-0.156509876,1.041585922,0.156509876,-0.313019752
12,1.12293005,-0.156509876,0.966420174,0.156509876,-0.313019752
12,1.020152092,-0.156509876,0.863642216,0.156509876,-0.313019752
12,0.949587822,-0.156509876,0.793077946,0.156509876,-0.313019752
12,0.72715807,-0.156509876,0.570648194,0.156509876,-0.313019752
12,0.618243933,-0.156509876,0.461734057,0.156509876,-0.313019752
12,0.503193855,-0.154975891,0.348217964,0.154975891,-0.309951782
12,0.424959898,-0.154975891,0.269984007,0.154975891,-0.309951782
12,0.297637939,-0.154975891,0.142662048,0.154975891,-0.309951782
12,0.179519892,-0.156509876,0.023010016,0.156509876,-0.313019752
12,0.018450022,-0.156509876,-0.138059854,0.156509876,-0.313019752
12,-0.108871937,-0.156509876,-0.265381813,0.156509876,-0.313019752
12,-0.230057955,-0.154975891,-0.385033846,0.154975891,-0.309951782
12,-0.348176003,-0.156509876,-0.504685879,0.156509876,-0.313019752
12,-0.464760065,-0.156509876,-0.621269941,0.156509876,-0.313019752
12,-0.582878113,-0.156509876,-0.739387989,0.156509876,-0.313019752
12,-0.681054115,-0.158043861,-0.839097976,0.158043861,-0.316087722
12,-0.743947983,-0.159577847,-0.90352583,0.159577847,-0.319155694
12,-0.839056015,-0.162646055,-1.00170207,0.162646055,-0.32529211
12,-0.900416136,-0.16418004,-1.064596176,0.16418004,-0.32836008
12,-0.983252048,-0.16418004,-1.147432088,0.16418004,-0.32836008
12,-1.058418036,-0.165714025,-1.224132061,0.165714025,-0.33142805
12,-1.125914097,-0.168781996,-1.294696093,0.168781996,-0.337563992
12,-1.181138039,-0.170315981,-1.35145402,0.170315981,-0.340631962
12,-1.221022129,-0.170315981,-1.39133811,0.170315981,-0.340631962
12,-1.250168085,-0.170315981,-1.420484066,0.170315981,-0.340631962
12,-1.267042041,-0.171849966,-1.438892007,0.171849966,-0.343699932
12,-1.268576026,-0.171849966,-1.440425992,0.171849966,-0.343699932
12,-1.27011013,-0.171849966,-1.441960096,0.171849966,-0.343699932
12,-1.27011013,-0.171849966,-1.441960096,0.171849966,-0.343699932
12,-1.268576026,-0.171849966,-1.440425992,0.171849966,-0.343699932
12,-1.27011013,-0.171849966,-1.441960096,0.171849966,-0.343699932
12,-1.268576026,-0.171849966,-1.440425992,0.171849966,-0.343699932
12,-1.268576026,-0.171849966,-1.440425992,0.171849966,-0.343699932
12,-1.2609061,-0.171849966,-1.432756066,0.171849966,-0.343699932
12,-1.22715807,-0.173383951,-1.400542021,0.173383951,-0.346767902
12,-1.193410039,-0.174917936,-1.368327975,0.174917936,-0.349835872
12,-1.170400023,-0.174917936,-1.345317959,0.174917936,-0.349835872
12,-1.155060053,-0.174917936,-1.329977989,0.174917936,-0.349835872
12,-1.116710186,-0.173383951,-1.290094137,0.173383951,-0.346767902
12,-1.082962036,-0.174917936,-1.257879972,0.174917936,-0.349835872
12,-1.059952021,-0.174917936,-1.234869957,0.174917936,-0.349835872
12,-1.01393199,-0.174917936,-1.188849926,0.174917936,-0.349835872
12,-0.986320019,-0.174917936,-1.161237955,0.174917936,-0.349835872
12,-0.941833973,-0.173383951,-1.115217924,0.173383951,-0.346767902
12,-0.909620047,-0.173383951,-1.083003998,0.173383951,-0.346767902
12,-0.862066031,-0.174917936,-1.036983967,0.174917936,-0.349835872
12,-0.816046,-0.174917936,-0.990963936,0.174917936,-0.349835872
12,-0.719403982,-0.173383951,-0.892787933,0.173383951,-0.346767902
12,-0.691792011,-0.173383951,-0.865175962,0.173383951,-0.346767902
12,-0.690258026,-0.208665848,-0.898923874,0.208665848,-0.417331696
12,-0.687190056,-0.312978029,-1.000168085,0.312978029,-0.625956058
12,-0.685656071,-0.414222002,-1.099878073,0.414222002,-0.828444004
12,-0.684122086,-0.50165987,-1.185781956,0.50165987,-1.00331974
12,-0.685656071,-0.563019991,-1.248676062,0.563019991,-1.126039982
12,-0.685656071,-0.625914097,-1.311570168,0.625914097,-1.251828194
12,-0.684122086,-0.642787933,-1.326910019,0.642787933,-1.285575866
12,-0.681054115,-0.642787933,-1.323842048,0.642787933,-1.285575866
12,-0.674918175,-0.645855904,-1.320774079,0.645855904,-1.291711808
12,-0.66418004,-0.653526068,-1.317706108,0.653526068,-1.307052136
12,-0.659578085,-0.698011875,-1.35758996,0.698011875,-1.39602375
12,-0.65497613,-0.760905981,-1.415882111,0.760905981,-1.521811962
12,-0.651908159,-0.771643877,-1.423552036,0.771643877,-1.543287754
12,-0.64577198,-0.771643877,-1.417415857,0.771643877,-1.543287754
12,-0.616626024,-0.771643877,-1.388269901,0.771643877,-1.543287754
12,-0.599751949,-0.771643877,-1.371395826,0.771643877,-1.543287754
12,-0.559868097,-0.771643877,-1.331511974,0.771643877,-1.543287754
12,-0.509246111,-0.771643877,-1.280889988,0.771643877,-1.543287754
12,-0.46015811,-0.771643877,-1.231801987,0.771643877,-1.543287754
12,-0.420274019,-0.762439966,-1.182713985,0.762439966,-1.524879932
12,-0.351243973,-0.73022604,-1.081470013,0.73022604,-1.46045208
12,-0.300621986,-0.71181798,-1.012439966,0.71181798,-1.42363596
12,-0.220854044,-0.694943905,-0.915797949,0.694943905,-1.38988781
12,-0.139552116,-0.668865919,-0.808418035,0.668865919,-1.337731838
12,-0.05211401,-0.632050037,-0.684164047,0.632050037,-1.264100074
12,0.039926052,-0.602904081,-0.562978029,0.602904081,-1.205808162
12,0.13043189,-0.581428051,-0.450996161,0.581428051,-1.162856102
12,0.228607893,-0.543077946,-0.314470053,0.543077946,-1.086155892
12,0.32218194,-0.509330034,-0.187148094,0.509330034,-1.018660068
12,0.421891928,-0.484786034,-0.062894106,0.484786034,-0.969572068
12,0.515465975,-0.457174063,0.058291912,0.457174063,-0.914348126
12,0.610574007,-0.428027868,0.182546139,0.428027868,-0.856055736
12,0.710283995,-0.394279957,0.316004038,0.394279957,-0.788559914
12,0.770109892,-0.377405882,0.39270401,0.377405882,-0.754811764
12,0.859082222,-0.351327896,0.507754326,0.351327896,-0.702655792
12,0.917374134,-0.332920074,0.58445406,0.332920074,-0.665840148
12,1.004811764,-0.302239895,0.702571869,0.302239895,-0.60447979
12,1.076910019,-0.277695894,0.799214125,0.277695894,-0.555391788
12,1.152075768,-0.254685879,0.897389889,0.254685879,-0.509371758
12,1.233377934,-0.236278057,0.997099877,0.236278057,-0.472556114
12,1.25025177,-0.237812042,1.012439728,0.237812042,-0.475624084
12,1.270194054,-0.305307865,0.964886189,0.305307865,-0.61061573
12,1.273262024,-0.352861881,0.920400143,0.352861881,-0.705723762
12,1.274796009,-0.371269941,0.903526068,0.371269941,-0.742539882
12,1.276329994,-0.372803926,0.903526068,0.372803926,-0.745607852
12,1.276329994,-0.375871897,0.900458097,0.375871897,-0.751743794
12,1.277863979,-0.382008076,0.895855903,0.382008076,-0.764016152
12,1.277863979,-0.382008076,0.895855903,0.382008076,-0.764016152
12,1.279397964,-0.380474091,0.898923873,0.380474091,-0.760948182
12,1.279397964,-0.382008076,0.897389888,0.382008076,-0.764016152
12,1.28093195,-0.382008076,0.898923874,0.382008076,-0.764016152
12,1.282465935,-0.382008076,0.900457859,0.382008076,-0.764016152
12,1.282465935,-0.382008076,0.900457859,0.382008076,-0.764016152
12,1.28399992,-0.382008076,0.901991844,0.382008076,-0.764016152
12,1.285533905,-0.382008076,0.903525829,0.382008076,-0.764016152
12,1.28706789,-0.382008076,0.905059814,0.382008076,-0.764016152
12,1.29013586,-0.382008076,0.908127784,0.382008076,-0.764016152
12,1.291669846,-0.382008076,0.90966177,0.382008076,-0.764016152
12,1.293203831,-0.382008076,0.911195755,0.382008076,-0.764016152
12,1.296271801,-0.382008076,0.914263725,0.382008076,-0.764016152
12,1.297805786,-0.382008076,0.91579771,0.382008076,-0.764016152
12,1.299339771,-0.382008076,0.917331695,0.382008076,-0.764016152
12,1.299339771,-0.382008076,0.917331695,0.382008076,-0.764016152
12,1.299339771,-0.382008076,0.917331695,0.382008076,-0.764016152
12,1.299339771,-0.382008076,0.917331695,0.382008076,-0.764016152
12,1.299339771,-0.382008076,0.917331695,0.382008076,-0.764016152
12,1.299339771,-0.382008076,0.917331695,0.382008076,-0.764016152
12,1.299339771,-0.380474091,0.91886568,0.380474091,-0.760948182
12,1.299339771,-0.380474091,0.91886568,0.380474091,-0.760948182
12,1.299339771,-0.380474091,0.91886568,0.380474091,-0.760948182
12,1.299339771,-0.380474091,0.91886568,0.380474091,-0.760948182
12,1.300873756,-0.380474091,0.920399665,0.380474091,-0.760948182
12,1.299339771,-0.380474091,0.91886568,0.380474091,-0.760948182
12,1.299339771,-0.380474091,0.91886568,0.380474091,-0.760948182
12,1.299339771,-0.380474091,0.91886568,0.380474091,-0.760948182
12,1.299339771,-0.380474091,0.91886568,0.380474091,-0.760948182
12,1.300873756,-0.380474091,0.920399665,0.380474091,-0.760948182
12,1.299339771,-0.380474091,0.91886568,0.380474091,-0.760948182
12,1.302408218,-0.377405882,0.925002336,0.377405882,-0.754811764
12,1.31774807,-0.369735956,0.948012114,0.369735956,-0.739471912
12,1.330019951,-0.366667986,0.963351965,0.366667986,-0.733335972
12,1.330019951,-0.365134001,0.96488595,0.365134001,-0.730268002
12,1.336155891,-0.35899806,0.977157831,0.35899806,-0.71799612
12,1.337689877,-0.351327896,0.986361981,0.351327896,-0.702655792
12,1.339223862,-0.351327896,0.987895966,0.351327896,-0.702655792
12,1.337689877,-0.349793911,0.987895966,0.349793911,-0.699587822
12,1.328485966,-0.349793911,0.978692055,0.349793911,-0.699587822
12,1.296271801,-0.349793911,0.94647789,0.349793911,-0.699587822
12,1.234911919,-0.349793911,0.885118008,0.349793911,-0.699587822
12,1.16281414,-0.349793911,0.813020229,0.349793911,-0.699587822
12,1.098385811,-0.349793911,0.7485919,0.349793911,-0.699587822
12,1.010948181,-0.349793911,0.66115427,0.349793911,-0.699587822
12,0.951121807,-0.349793911,0.601327896,0.349793911,-0.699587822
12,0.848344088,-0.349793911,0.498550177,0.349793911,-0.699587822
12,0.777780056,-0.349793911,0.427986145,0.349793911,-0.699587822
12,0.633584023,-0.349793911,0.283790112,0.349793911,-0.699587822
12,0.555350065,-0.349793911,0.205556154,0.349793911,-0.699587822
12,0.431096077,-0.349793911,0.081302166,0.349793911,-0.699587822
12,0.311444044,-0.349793911,-0.038349867,0.349793911,-0.699587822
12,0.190258026,-0.349793911,-0.159535885,0.349793911,-0.699587822
12,0.062936068,-0.351327896,-0.288391828,0.351327896,-0.702655792
12,-0.022968054,-0.351327896,-0.37429595,0.351327896,-0.702655792
12,-0.136484146,-0.351327896,-0.487812042,0.351327896,-0.702655792
12,-0.256135941,-0.351327896,-0.607463837,0.351327896,-0.702655792
12,-0.369652033,-0.352861881,-0.722513914,0.352861881,-0.705723762
12,-0.475497961,-0.355929852,-0.831427813,0.355929852,-0.711859704
12,-0.569072008,-0.357464075,-0.926536083,0.357464075,-0.71492815
12,-0.66418004,-0.362066031,-1.026246071,0.362066031,-0.724132062
12,-0.740880013,-0.365134001,-1.106014014,0.365134001,-0.730268002
12,-0.805308104,-0.365134001,-1.170442105,0.365134001,-0.730268002
12,-0.862066031,-0.366667986,-1.228734017,0.366667986,-0.733335972
12,-0.898882151,-0.368201971,-1.267084122,0.368201971,-0.736403942
12,-0.914222002,-0.368201971,-1.282423973,0.368201971,-0.736403942
12,-0.914222002,-0.369735956,-1.283957958,0.369735956,-0.739471912
12,-0.914222002,-0.369735956,-1.283957958,0.369735956,-0.739471912
12,-0.914222002,-0.368201971,-1.282423973,0.368201971,-0.736403942
12,-0.914222002,-0.369735956,-1.283957958,0.369735956,-0.739471912
12,-0.914222002,-0.369735956,-1.283957958,0.369735956,-0.739471912
12,-0.914222002,-0.368201971,-1.282423973,0.368201971,-0.736403942
12,-0.914222002,-0.368201971,-1.282423973,0.368201971,-0.736403942
12,-0.914222002,-0.369735956,-1.283957958,0.369735956,-0.739471912
12,-0.911154032,-0.368201971,-1.279356003,0.368201971,-0.736403942
12,-0.905018091,-0.369735956,-1.274754047,0.369735956,-0.739471912
12,-0.897348166,-0.368201971,-1.265550137,0.368201971,-0.736403942
12,-0.880474091,-0.368201971,-1.248676062,0.368201971,-0.736403942
12,-0.863600016,-0.368201971,-1.231801987,0.368201971,-0.736403942
12,-0.854396105,-0.363600016,-1.217996121,0.363600016,-0.727200032
12,-0.849794149,-0.31911397,-1.168908119,0.31911397,-0.63822794
12,-0.846725941,-0.228607893,-1.075333834,0.228607893,-0.457215786
12,-0.84365797,-0.156509876,-1.000167846,0.156509876,-0.313019752
12,-0.84365797,-0.148839951,-0.992497921,0.148839951,-0.297679902
12,-0.84059,-0.14270401,-0.98329401,0.14270401,-0.28540802
12,-0.839056015,-0.135034084,-0.974090099,0.135034084,-0.270068168
12,-0.835988045,-0.131965876,-0.967953921,0.131965876,-0.263931752
12,-0.831386089,-0.131965876,-0.963351965,0.131965876,-0.263931752
12,-0.825250149,-0.131965876,-0.957216025,0.131965876,-0.263931752
12,-0.816046,-0.133499861,-0.949545861,0.133499861,-0.266999722
12,-0.806842089,-0.131965876,-0.938807965,0.131965876,-0.263931752
12,-0.793035984,-0.131965876,-0.92500186,0.131965876,-0.263931752
12,-0.779230118,-0.131965876,-0.911195994,0.131965876,-0.263931752
12,-0.763890028,-0.131965876,-0.895855904,0.131965876,-0.263931752
12,-0.754686117,-0.131965876,-0.886651993,0.131965876,-0.263931752
12,-0.737812042,-0.131965876,-0.869777918,0.131965876,-0.263931752
12,-0.719403982,-0.131965876,-0.851369858,0.131965876,-0.263931752
12,-0.704064131,-0.131965876,-0.836030007,0.131965876,-0.263931752
12,-0.67645216,-0.131965876,-0.808418036,0.131965876,-0.263931752
12,-0.66111207,-0.131965876,-0.793077946,0.131965876,-0.263931752
12,-0.630432129,-0.131965876,-0.762398005,0.131965876,-0.263931752
12,-0.604354143,-0.131965876,-0.736320019,0.131965876,-0.263931752
12,-0.582878113,-0.131965876,-0.714843989,0.131965876,-0.263931752
12,-0.552197933,-0.131965876,-0.684163809,0.131965876,-0.263931752
12,-0.523051977,-0.131965876,-0.655017853,0.131965876,-0.263931752
12,-0.500041962,-0.131965876,-0.632007838,0.131965876,-0.263931752
12,-0.46322608,-0.131965876,-0.595191956,0.131965876,-0.263931752
12,-0.431012154,-0.13043189,-0.561444044,0.13043189,-0.26086378
12,-0.397264004,-0.13043189,-0.527695894,0.13043189,-0.26086378
12,-0.369652033,-0.13043189,-0.500083923,0.13043189,-0.26086378
12,-0.346642017,-0.131965876,-0.478607893,0.131965876,-0.263931752
12,-0.306757927,-0.131965876,-0.438723803,0.131965876,-0.263931752
12,-0.288350105,-0.13043189,-0.418781995,0.13043189,-0.26086378
12,-0.254601955,-0.13043189,-0.385033845,0.13043189,-0.26086378
12,-0.216252089,-0.13043189,-0.346683979,0.13043189,-0.26086378
12,-0.179435968,-0.13043189,-0.309867858,0.13043189,-0.26086378
12,-0.142620087,-0.13043189,-0.273051977,0.13043189,-0.26086378
12,-0.116542101,-0.13043189,-0.246973991,0.13043189,-0.26086378
12,-0.090464115,-0.13043189,-0.220896005,0.13043189,-0.26086378
12,-0.05518198,-0.13043189,-0.18561387,0.13043189,-0.26086378
12,-0.035239935,-0.13043189,-0.165671825,0.13043189,-0.26086378
12,-0.029103994,-0.14270401,-0.171808004,0.14270401,-0.28540802
12,-0.027570009,-0.230141878,-0.257711887,0.230141878,-0.460283756
12,-0.027570009,-0.335988045,-0.363558054,0.335988045,-0.67197609
12,-0.027570009,-0.369735956,-0.397305965,0.369735956,-0.739471912
12,-0.026036024,-0.380474091,-0.406510115,0.380474091,-0.760948182
12,-0.027570009,-0.405017853,-0.432587862,0.405017853,-0.810035706
12,-0.026036024,-0.417289972,-0.443325996,0.417289972,-0.834579944
12,-0.016832113,-0.415755987,-0.4325881,0.415755987,-0.831511974
12,-0.004559994,-0.417289972,-0.421849966,0.417289972,-0.834579944
12,4.20E-05,-0.435698032,-0.435656032,0.435698032,-0.871396064
12,0.003109932,-0.503193855,-0.500083923,0.503193855,-1.00638771
12,0.003109932,-0.547679901,-0.544569969,0.547679901,-1.095359802
12,0.004643917,-0.550747871,-0.546103954,0.550747871,-1.101495742
12,0.012313843,-0.55381608,-0.541502237,0.55381608,-1.10763216
12,0.027653933,-0.55381608,-0.526162147,0.55381608,-1.10763216
12,0.041460037,-0.55381608,-0.512356043,0.55381608,-1.10763216
12,0.056799889,-0.55381608,-0.497016191,0.55381608,-1.10763216
12,0.070605993,-0.55381608,-0.483210087,0.55381608,-1.10763216
12,0.098217964,-0.55381608,-0.455598116,0.55381608,-1.10763216
12,0.12736392,-0.55381608,-0.42645216,0.55381608,-1.10763216
12,0.16418004,-0.552281857,-0.388101817,0.552281857,-1.104563714
12,0.193325996,-0.550747871,-0.357421875,0.550747871,-1.101495742
12,0.240880013,-0.543077946,-0.302197933,0.543077946,-1.086155892
12,0.276161909,-0.52006793,-0.243906021,0.52006793,-1.04013586
12,0.323715925,-0.50165987,-0.177943945,0.50165987,-1.00331974
12,0.368201971,-0.50165987,-0.133457899,0.50165987,-1.00331974
12,0.421891928,-0.475581884,-0.053689956,0.475581884,-0.951163768
12,0.460242033,-0.458708048,0.001533985,0.458708048,-0.917416096
12,0.515465975,-0.449503899,0.065962076,0.449503899,-0.899007798
12,0.570689917,-0.435698032,0.134991885,0.435698032,-0.871396064
12,0.605972052,-0.420357943,0.185614109,0.420357943,-0.840715886
12,0.650457859,-0.397347927,0.253109932,0.397347927,-0.794695854
12,0.679604053,-0.35899806,0.320605993,0.35899806,-0.71799612
12,0.681138039,-0.266957998,0.414180041,0.266957998,-0.533915996
12,0.687273979,-0.162646055,0.524627924,0.162646055,-0.32529211
12,0.690341949,-0.090548038,0.599793911,0.090548038,-0.181096076
12,0.690341949,-0.053731918,0.636610031,0.053731918,-0.107463836
12,0.690341949,-0.047595978,0.642745971,0.047595978,-0.095191956
12,0.705682039,-0.038392067,0.667289972,0.038392067,-0.076784134
12,0.734827995,-0.026119947,0.708708048,0.026119947,-0.052239894
12,0.773178101,-0.026119947,0.747058154,0.026119947,-0.052239894
12,0.822266102,-0.026119947,0.796146155,0.026119947,-0.052239894
12,0.875956059,-0.026119947,0.849836112,0.026119947,-0.052239894
12,0.948053837,-0.026119947,0.92193389,0.026119947,-0.052239894
12,0.989471912,-0.029187918,0.960283994,0.029187918,-0.058375836
12,1.033957958,-0.033789873,1.000168085,0.033789873,-0.067579746
12,1.110658169,-0.049129963,1.061528206,0.049129963,-0.098259926
12,1.179687977,-0.066004038,1.113683939,0.066004038,-0.132008076
12,1.245649815,-0.081343889,1.164305926,0.081343889,-0.162687778
12,1.308544159,-0.090548038,1.217996121,0.090548038,-0.181096076
12,1.349962235,-0.098217964,1.251744271,0.098217964,-0.196435928
12,1.377573967,-0.115092039,1.262481928,0.115092039,-0.230184078
12,1.405186176,-0.122761965,1.282424211,0.122761965,-0.24552393
12,1.422060013,-0.125829935,1.296230078,0.125829935,-0.25165987
12,1.438933849,-0.13043189,1.308501959,0.13043189,-0.26086378
12,1.443535805,-0.138102055,1.30543375,0.138102055,-0.27620411
12,1.44506979,-0.13963604,1.30543375,0.13963604,-0.27927208
12,1.44506979,-0.13963604,1.30543375,0.13963604,-0.27927208
12,1.44506979,-0.144237995,1.300831795,0.144237995,-0.28847599
12,1.44506979,-0.14577198,1.29929781,0.14577198,-0.29154396
12,1.44506979,-0.14577198,1.29929781,0.14577198,-0.29154396
12,1.440467834,-0.144237995,1.296229839,0.144237995,-0.28847599
12,1.414390087,-0.14577198,1.268618107,0.14577198,-0.29154396
12,1.35763216,-0.14577198,1.21186018,0.14577198,-0.29154396
12,1.282465935,-0.144237995,1.13822794,0.144237995,-0.28847599
12,1.199629784,-0.144237995,1.055391789,0.144237995,-0.28847599
12,1.138269901,-0.144237995,0.994031906,0.144237995,-0.28847599
12,1.027822018,-0.144237995,0.883584023,0.144237995,-0.28847599
12,0.911238194,-0.144237995,0.767000199,0.144237995,-0.28847599
12,0.797721863,-0.144237995,0.653483868,0.144237995,-0.28847599
12,0.721021891,-0.144237995,0.576783896,0.144237995,-0.28847599
12,0.598301888,-0.144237995,0.454063893,0.144237995,-0.28847599
12,0.52006793,-0.144237995,0.375829935,0.144237995,-0.28847599
12,0.398881912,-0.144237995,0.254643917,0.144237995,-0.28847599
12,0.274627924,-0.14577198,0.128855944,0.14577198,-0.29154396
12,0.156509876,-0.144237995,0.012271881,0.144237995,-0.28847599
12,0.041460037,-0.14577198,-0.104311943,0.14577198,-0.29154396
12,-0.07359004,-0.14577198,-0.21936202,0.14577198,-0.29154396
12,-0.187106133,-0.14577198,-0.332878113,0.14577198,-0.29154396
12,-0.28681612,-0.14577198,-0.4325881,0.14577198,-0.29154396
12,-0.384992123,-0.14577198,-0.530764103,0.14577198,-0.29154396
12,-0.472429991,-0.147305965,-0.619735956,0.147305965,-0.29461193
12,-0.542994022,-0.147305965,-0.690299987,0.147305965,-0.29461193
12,-0.602820158,-0.148839951,-0.751660109,0.148839951,-0.297679902
12,-0.650373936,-0.150373936,-0.800747872,0.150373936,-0.300747872
12,-0.671849966,-0.150373936,-0.822223902,0.150373936,-0.300747872
12,-0.693325996,-0.150373936,-0.843699932,0.150373936,-0.300747872
12,-0.714802027,-0.150373936,-0.865175963,0.150373936,-0.300747872
12,-0.756220102,-0.150373936,-0.906594038,0.150373936,-0.300747872
12,-0.87127018,-0.150373936,-1.021644116,0.150373936,-0.300747872
12,-0.929562092,-0.150373936,-1.079936028,0.150373936,-0.300747872
12,-0.997058153,-0.153441906,-1.150500059,0.153441906,-0.306883812
12,-1.049214125,-0.16111207,-1.210326195,0.16111207,-0.32222414
12,-1.086030006,-0.165714025,-1.251744031,0.165714025,-0.33142805
12,-1.092165947,-0.167248011,-1.259413958,0.167248011,-0.334496022
12,-1.081428051,-0.167248011,-1.248676062,0.167248011,-0.334496022
12,-1.029272079,-0.167248011,-1.19652009,0.167248011,-0.334496022
12,-0.954106092,-0.167248011,-1.121354103,0.167248011,-0.334496022
12,-0.863600016,-0.167248011,-1.030848027,0.167248011,-0.334496022
12,-0.740880013,-0.168781996,-0.909662009,0.168781996,-0.337563992
12,-0.67952013,-0.167248011,-0.846768141,0.167248011,-0.334496022
12,-0.622761965,-0.167248011,-0.790009976,0.167248011,-0.334496022
12,-0.573673964,-0.165714025,-0.739387989,0.165714025,-0.33142805
12,-0.541460037,-0.167248011,-0.708708048,0.167248011,-0.334496022
12,-0.529188156,-0.167248011,-0.696436167,0.167248011,-0.334496022
12,-0.518450022,-0.165714025,-0.684164047,0.165714025,-0.33142805
12,-0.507712126,-0.167248011,-0.674960137,0.167248011,-0.334496022
12,-0.498507977,-0.165714025,-0.664222002,0.165714025,-0.33142805
12,-0.486236095,-0.167248011,-0.653484106,0.167248011,-0.334496022
12,-0.470896006,-0.167248011,-0.638144017,0.167248011,-0.334496022
12,-0.455556154,-0.167248011,-0.622804165,0.167248011,-0.334496022
12,-0.438682079,-0.165714025,-0.604396104,0.165714025,-0.33142805
12,-0.437148094,-0.165714025,-0.602862119,0.165714025,-0.33142805
12,-0.44175005,-0.165714025,-0.607464075,0.165714025,-0.33142805
12,-0.48163414,-0.165714025,-0.647348165,0.165714025,-0.33142805
12,-0.564470053,-0.165714025,-0.730184078,0.165714025,-0.33142805
12,-0.685656071,-0.16418004,-0.849836111,0.16418004,-0.32836008
12,-0.739346027,-0.162646055,-0.901992082,0.162646055,-0.32529211
12,-0.768491983,-0.16418004,-0.932672023,0.16418004,-0.32836008
12,-0.779230118,-0.162646055,-0.941876173,0.162646055,-0.32529211
12,-0.780764103,-0.16418004,-0.944944143,0.16418004,-0.32836008
12,-0.783832073,-0.16418004,-0.948012113,0.16418004,-0.32836008
12,-0.794569969,-0.162646055,-0.957216024,0.162646055,-0.32529211
12,-0.794569969,-0.16418004,-0.958750009,0.16418004,-0.32836008
12,-0.794569969,-0.16418004,-0.958750009,0.16418004,-0.32836008
12,-0.794569969,-0.162646055,-0.957216024,0.162646055,-0.32529211
12,-0.796103954,-0.16418004,-0.960283994,0.16418004,-0.32836008
12,-0.794569969,-0.162646055,-0.957216024,0.162646055,-0.32529211
12,-0.794569969,-0.16418004,-0.958750009,0.16418004,-0.32836008
12,-0.794569969,-0.16418004,-0.958750009,0.16418004,-0.32836008
12,-0.794569969,-0.16418004,-0.958750009,0.16418004,-0.32836008
12,-0.794569969,-0.16418004,-0.958750009,0.16418004,-0.32836008
12,-0.794569969,-0.16418004,-0.958750009,0.16418004,-0.32836008
12,-0.786900043,-0.16418004,-0.951080083,0.16418004,-0.32836008
12,-0.780764103,-0.16418004,-0.944944143,0.16418004,-0.32836008
12,-0.773094177,-0.16418004,-0.937274217,0.16418004,-0.32836008
12,-0.765424013,-0.16418004,-0.929604053,0.16418004,-0.32836008
12,-0.756220102,-0.16418004,-0.920400142,0.16418004,-0.32836008
12,-0.748549938,-0.16418004,-0.912729978,0.16418004,-0.32836008
12,-0.734744072,-0.162646055,-0.897390127,0.162646055,-0.32529211
12,-0.725540161,-0.162646055,-0.888186216,0.162646055,-0.32529211
12,-0.714802027,-0.16418004,-0.878982067,0.16418004,-0.32836008
12,-0.704064131,-0.16418004,-0.868244171,0.16418004,-0.32836008
12,-0.702530146,-0.16418004,-0.866710186,0.16418004,-0.32836008
12,-0.702530146,-0.16418004,-0.866710186,0.16418004,-0.32836008
12,-0.710200071,-0.16418004,-0.874380111,0.16418004,-0.32836008
12,-0.754686117,-0.16418004,-0.918866157,0.16418004,-0.32836008
12,-0.829852104,-0.16418004,-0.994032144,0.16418004,-0.32836008
12,-0.957174063,-0.16418004,-1.121354103,0.16418004,-0.32836008
12,-1.015465975,-0.16418004,-1.179646015,0.16418004,-0.32836008
12,-1.076826096,-0.165714025,-1.242540121,0.165714025,-0.33142805
12,-1.102904081,-0.168781996,-1.271686077,0.168781996,-0.337563992
12,-1.113641977,-0.167248011,-1.280889988,0.167248011,-0.334496022
12,-1.116710186,-0.167248011,-1.283958197,0.167248011,-0.334496022
12,-1.118244171,-0.168781996,-1.287026167,0.168781996,-0.337563992
12,-1.116710186,-0.167248011,-1.283958197,0.167248011,-0.334496022
12,-1.116710186,-0.167248011,-1.283958197,0.167248011,-0.334496022
12,-1.116710186,-0.167248011,-1.283958197,0.167248011,-0.334496022
12,-1.116710186,-0.167248011,-1.283958197,0.167248011,-0.334496022
12,-1.116710186,-0.168781996,-1.285492182,0.168781996,-0.337563992
12,-1.116710186,-0.167248011,-1.283958197,0.167248011,-0.334496022
12,-1.116710186,-0.167248011,-1.283958197,0.167248011,-0.334496022
12,-1.115175962,-0.167248011,-1.282423973,0.167248011,-0.334496022
12,-1.086030006,-0.167248011,-1.253278017,0.167248011,-0.334496022
12,-1.04768014,-0.168781996,-1.216462136,0.168781996,-0.337563992
12,-1.036942005,-0.167248011,-1.204190016,0.167248011,-0.334496022
12,-1.015465975,-0.168781996,-1.184247971,0.168781996,-0.337563992
12,-1.001660109,-0.168781996,-1.170442105,0.168781996,-0.337563992
12,-0.989387989,-0.168781996,-1.158169985,0.168781996,-0.337563992
12,-0.961776018,-0.167248011,-1.129024029,0.167248011,-0.334496022
12,-0.941833973,-0.168781996,-1.110615969,0.168781996,-0.337563992
12,-0.929562092,-0.168781996,-1.098344088,0.168781996,-0.337563992
12,-0.903484106,-0.168781996,-1.072266102,0.168781996,-0.337563992
12,-0.878940105,-0.168781996,-1.047722101,0.168781996,-0.337563992
12,-0.85899806,-0.167248011,-1.026246071,0.167248011,-0.334496022
12,-0.84365797,-0.168781996,-1.012439966,0.168781996,-0.337563992
12,-0.823716164,-0.168781996,-0.99249816,0.168781996,-0.337563992
12,-0.802240133,-0.168781996,-0.971022129,0.168781996,-0.337563992
12,-0.779230118,-0.168781996,-0.948012114,0.168781996,-0.337563992
12,-0.751618147,-0.168781996,-0.920400143,0.168781996,-0.337563992
12,-0.720937967,-0.167248011,-0.888185978,0.167248011,-0.334496022
12,-0.697927952,-0.168781996,-0.866709948,0.168781996,-0.337563992
12,-0.673383951,-0.168781996,-0.842165947,0.168781996,-0.337563992
12,-0.633500099,-0.168781996,-0.802282095,0.168781996,-0.337563992
12,-0.605888128,-0.167248011,-0.773136139,0.167248011,-0.334496022
12,-0.582878113,-0.167248011,-0.750126124,0.167248011,-0.334496022
12,-0.555266142,-0.167248011,-0.722514153,0.167248011,-0.334496022
12,-0.527654171,-0.167248011,-0.694902182,0.167248011,-0.334496022
12,-0.504644156,-0.167248011,-0.671892167,0.167248011,-0.334496022
12,-0.46015811,-0.167248011,-0.627406121,0.167248011,-0.334496022
12,-0.435614109,-0.167248011,-0.60286212,0.167248011,-0.334496022
12,-0.406468153,-0.165714025,-0.572182178,0.165714025,-0.33142805
12,-0.380390167,-0.165714025,-0.546104192,0.165714025,-0.33142805
12,-0.351243973,-0.167248011,-0.518491984,0.167248011,-0.334496022
12,-0.30829215,-0.165714025,-0.474006175,0.165714025,-0.33142805
12,-0.280679941,-0.165714025,-0.446393966,0.165714025,-0.33142805
12,-0.251533985,-0.165714025,-0.41724801,0.165714025,-0.33142805
12,-0.222388029,-0.167248011,-0.38963604,0.167248011,-0.334496022
12,-0.194776058,-0.167248011,-0.362024069,0.167248011,-0.334496022
12,-0.165630102,-0.165714025,-0.331344127,0.165714025,-0.33142805
12,-0.121144056,-0.165714025,-0.286858081,0.165714025,-0.33142805
12,-0.07665801,-0.165714025,-0.242372035,0.165714025,-0.33142805
12,-0.03063798,-0.165714025,-0.196352005,0.165714025,-0.33142805
12,0.030721903,-0.165714025,-0.134992122,0.165714025,-0.33142805
12,0.075207949,-0.16418004,-0.088972091,0.16418004,-0.32836008
12,0.104353905,-0.16418004,-0.059826135,0.16418004,-0.32836008
12,0.135034084,-0.16418004,-0.029145956,0.16418004,-0.32836008
12,0.181053877,-0.16418004,0.016873837,0.16418004,-0.32836008
12,0.228607893,-0.16418004,0.064427853,0.16418004,-0.32836008
12,0.271559954,-0.16418004,0.107379914,0.16418004,-0.32836008
12,0.317579985,-0.162646055,0.15493393,0.162646055,-0.32529211
12,0.357464075,-0.162646055,0.19481802,0.162646055,-0.32529211
12,0.400415897,-0.159577847,0.24083805,0.159577847,-0.319155694
12,0.446435928,-0.156509876,0.289926052,0.156509876,-0.313019752
12,0.487854004,-0.156509876,0.331344128,0.156509876,-0.313019752
12,0.53540802,-0.154975891,0.380432129,0.154975891,-0.309951782
12,0.575291872,-0.156509876,0.418781996,0.156509876,-0.313019752
12,0.595233917,-0.156509876,0.438724041,0.156509876,-0.313019752
12,0.601369858,-0.205597878,0.39577198,0.205597878,-0.411195756
12,0.602904081,-0.277695894,0.325208187,0.277695894,-0.555391788
12,0.607506037,-0.285366058,0.322139979,0.285366058,-0.570732116
12,0.610574007,-0.283832073,0.326741934,0.283832073,-0.567664146
12,0.613641977,-0.285366058,0.328275919,0.285366058,-0.570732116
12,0.628982067,-0.285366058,0.343616009,0.285366058,-0.570732116
12,0.644321918,-0.285366058,0.35895586,0.285366058,-0.570732116
12,0.664263964,-0.285366058,0.378897906,0.285366058,-0.570732116
12,0.688807964,-0.285366058,0.403441906,0.285366058,-0.570732116
12,0.707216024,-0.285366058,0.421849966,0.285366058,-0.570732116
12,0.72715807,-0.285366058,0.441792012,0.285366058,-0.570732116
12,0.747099876,-0.285366058,0.461733818,0.285366058,-0.570732116
12,0.782382011,-0.283832073,0.498549938,0.283832073,-0.567664146
12,0.817663908,-0.285366058,0.53229785,0.285366058,-0.570732116
12,0.856014013,-0.283832073,0.57218194,0.283832073,-0.567664146
12,0.882091999,-0.282298088,0.599793911,0.282298088,-0.564596176
12,0.905101776,-0.277695894,0.627405882,0.277695894,-0.555391788
12,0.917374134,-0.280763865,0.636610269,0.280763865,-0.56152773
12,0.92504406,-0.32218194,0.60286212,0.32218194,-0.64436388
12,0.929646015,-0.382008076,0.547637939,0.382008076,-0.764016152
12,0.932713985,-0.389678001,0.543035984,0.389678001,-0.779356002
12,0.946519852,-0.391211987,0.555307865,0.391211987,-0.782423974
12,0.966462135,-0.391211987,0.575250148,0.391211987,-0.782423974
12,1.000209808,-0.391211987,0.608997821,0.391211987,-0.782423974
12,1.035491943,-0.389678001,0.645813942,0.389678001,-0.779356002
12,1.070774078,-0.383542061,0.687232017,0.383542061,-0.767084122
12,1.104521751,-0.362066031,0.74245572,0.362066031,-0.724132062
12,1.158212185,-0.32524991,0.832962275,0.32524991,-0.65049982
12,1.211902142,-0.296103954,0.915798188,0.296103954,-0.592207908
12,1.264058113,-0.268491983,0.99556613,0.268491983,-0.536983966
12,1.31774807,-0.240880013,1.076868057,0.240880013,-0.481760026
12,1.362234116,-0.217869997,1.144364119,0.217869997,-0.435739994
12,1.391379833,-0.205597878,1.185781955,0.205597878,-0.411195756
12,1.412856102,-0.191792011,1.221064091,0.191792011,-0.383584022
12,1.432797909,-0.190258026,1.242539883,0.190258026,-0.380516052
12,1.448138237,-0.179519892,1.268618345,0.179519892,-0.359039784
12,1.454274178,-0.179519892,1.274754286,0.179519892,-0.359039784
12,1.454274178,-0.179519892,1.274754286,0.179519892,-0.359039784
12,1.454274178,-0.177985907,1.276288271,0.177985907,-0.355971814
12,1.454274178,-0.179519892,1.274754286,0.179519892,-0.359039784
12,1.454274178,-0.179519892,1.274754286,0.179519892,-0.359039784
12,1.454274178,-0.179519892,1.274754286,0.179519892,-0.359039784
12,1.454274178,-0.179519892,1.274754286,0.179519892,-0.359039784
12,1.454274178,-0.179519892,1.274754286,0.179519892,-0.359039784
12,1.454274178,-0.177985907,1.276288271,0.177985907,-0.355971814
12,1.454274178,-0.179519892,1.274754286,0.179519892,-0.359039784
12,1.454274178,-0.179519892,1.274754286,0.179519892,-0.359039784
12,1.452740192,-0.177985907,1.274754285,0.177985907,-0.355971814
12,1.443535805,-0.179519892,1.264015913,0.179519892,-0.359039784
12,1.409788132,-0.177985907,1.231802225,0.177985907,-0.355971814
12,1.353030205,-0.170315981,1.182714224,0.170315981,-0.340631962
12,1.296271801,-0.167248011,1.12902379,0.167248011,-0.334496022
12,1.208834171,-0.16111207,1.047722101,0.16111207,-0.32222414
12,1.12293005,-0.159577847,0.963352203,0.159577847,-0.319155694
12,1.018618107,-0.158043861,0.860574246,0.158043861,-0.316087722
12,0.96492815,-0.156509876,0.808418274,0.156509876,-0.313019752
12,0.857547998,-0.154975891,0.702572107,0.154975891,-0.309951782
12,0.750168085,-0.154975891,0.595192194,0.154975891,-0.309951782
12,0.619777918,-0.154975891,0.464802027,0.154975891,-0.309951782
12,0.51699996,-0.154975891,0.362024069,0.154975891,-0.309951782
12,0.398881912,-0.154975891,0.243906021,0.154975891,-0.309951782
12,0.280763865,-0.156509876,0.124253989,0.156509876,-0.313019752
12,0.150373936,-0.154975891,-0.004601955,0.154975891,-0.309951782
12,0.070605993,-0.154975891,-0.084369898,0.154975891,-0.309951782
12,-0.0919981,-0.154975891,-0.246973991,0.154975891,-0.309951782
12,-0.216252089,-0.156509876,-0.372761965,0.156509876,-0.313019752
12,-0.338972092,-0.156509876,-0.495481968,0.156509876,-0.313019752
12,-0.415672064,-0.156509876,-0.57218194,0.156509876,-0.313019752
12,-0.532256126,-0.156509876,-0.688766002,0.156509876,-0.313019752
12,-0.64270401,-0.156509876,-0.799213886,0.156509876,-0.313019752
12,-0.739346027,-0.156509876,-0.895855903,0.156509876,-0.313019752
12,-0.806842089,-0.156509876,-0.963351965,0.156509876,-0.313019752
12,-0.901950121,-0.156509876,-1.058459997,0.156509876,-0.313019752
12,-0.987854004,-0.158043861,-1.145897865,0.158043861,-0.316087722
12,-1.066087961,-0.16111207,-1.227200031,0.16111207,-0.32222414
12,-1.136651993,-0.16418004,-1.300832033,0.16418004,-0.32836008
12,-1.194944024,-0.165714025,-1.360658049,0.165714025,-0.33142805
12,-1.23943007,-0.165714025,-1.405144095,0.165714025,-0.33142805
12,-1.282382011,-0.16418004,-1.446562051,0.16418004,-0.32836008
12,-1.300790071,-0.165714025,-1.466504096,0.165714025,-0.33142805
12,-1.300790071,-0.165714025,-1.466504096,0.165714025,-0.33142805
12,-1.293120027,-0.167248011,-1.460368038,0.167248011,-0.334496022
12,-1.204148054,-0.167248011,-1.371396065,0.167248011,-0.334496022
12,-1.07529211,-0.168781996,-1.244074106,0.168781996,-0.337563992
12,-0.997058153,-0.170315981,-1.167374134,0.170315981,-0.340631962
12,-0.900416136,-0.171849966,-1.072266102,0.171849966,-0.343699932
12,-0.817579985,-0.170315981,-0.987895966,0.170315981,-0.340631962
12,-0.756220102,-0.168781996,-0.925002098,0.168781996,-0.337563992
12,-0.736278057,-0.168781996,-0.905060053,0.168781996,-0.337563992
12,-0.730142117,-0.168781996,-0.898924113,0.168781996,-0.337563992
12,-0.724006176,-0.168781996,-0.892788172,0.168781996,-0.337563992
12,-0.719403982,-0.168781996,-0.888185978,0.168781996,-0.337563992
12,-0.714802027,-0.168781996,-0.883584023,0.168781996,-0.337563992
12,-0.711734056,-0.168781996,-0.880516052,0.168781996,-0.337563992
12,-0.705598116,-0.168781996,-0.874380112,0.168781996,-0.337563992
12,-0.700996161,-0.168781996,-0.869778157,0.168781996,-0.337563992
12,-0.694859982,-0.170315981,-0.865175963,0.170315981,-0.340631962
12,-0.687190056,-0.168781996,-0.855972052,0.168781996,-0.337563992
12,-0.67952013,-0.168781996,-0.848302126,0.168781996,-0.337563992
12,-0.668781996,-0.168781996,-0.837563992,0.168781996,-0.337563992
12,-0.66418004,-0.168781996,-0.832962036,0.168781996,-0.337563992
12,-0.653442144,-0.168781996,-0.82222414,0.168781996,-0.337563992
12,-0.64270401,-0.170315981,-0.813019991,0.170315981,-0.340631962
12,-0.630432129,-0.168781996,-0.799214125,0.168781996,-0.337563992
12,-0.616626024,-0.168781996,-0.78540802,0.168781996,-0.337563992
12,-0.604354143,-0.168781996,-0.773136139,0.168781996,-0.337563992
12,-0.589014053,-0.168781996,-0.757796049,0.168781996,-0.337563992
12,-0.576742172,-0.168781996,-0.745524168,0.168781996,-0.337563992
12,-0.558334112,-0.168781996,-0.727116108,0.168781996,-0.337563992
12,-0.542994022,-0.168781996,-0.711776018,0.168781996,-0.337563992
12,-0.523051977,-0.168781996,-0.691833973,0.168781996,-0.337563992
12,-0.509246111,-0.168781996,-0.678028107,0.168781996,-0.337563992
12,-0.487770081,-0.168781996,-0.656552077,0.168781996,-0.337563992
12,-0.470896006,-0.168781996,-0.639678002,0.168781996,-0.337563992
12,-0.46015811,-0.168781996,-0.628940106,0.168781996,-0.337563992
12,-0.438682079,-0.168781996,-0.607464075,0.168781996,-0.337563992
12,-0.417206049,-0.168781996,-0.585988045,0.168781996,-0.337563992
12,-0.397264004,-0.168781996,-0.566046,0.168781996,-0.337563992
12,-0.378855944,-0.168781996,-0.54763794,0.168781996,-0.337563992
12,-0.351243973,-0.168781996,-0.520025969,0.168781996,-0.337563992
12,-0.334370136,-0.168781996,-0.503152132,0.168781996,-0.337563992
12,-0.309826136,-0.168781996,-0.478608132,0.168781996,-0.337563992
12,-0.299088001,-0.168781996,-0.467869997,0.168781996,-0.337563992
12,-0.299088001,-0.167248011,-0.466336012,0.167248011,-0.334496022
12,-0.305223942,-0.167248011,-0.472471953,0.167248011,-0.334496022
12,-0.381924152,-0.167248011,-0.549172163,0.167248011,-0.334496022
12,-0.503109932,-0.165714025,-0.668823957,0.165714025,-0.33142805
12,-0.622761965,-0.165714025,-0.78847599,0.165714025,-0.33142805
12,-0.719403982,-0.165714025,-0.885118007,0.165714025,-0.33142805
12,-0.799172163,-0.165714025,-0.964886188,0.165714025,-0.33142805
12,-0.845191956,-0.165714025,-1.010905981,0.165714025,-0.33142805
12,-0.851328135,-0.165714025,-1.01704216,0.165714025,-0.33142805
12,-0.851328135,-0.167248011,-1.018576146,0.167248011,-0.334496022
12,-0.851328135,-0.165714025,-1.01704216,0.165714025,-0.33142805
12,-0.851328135,-0.165714025,-1.01704216,0.165714025,-0.33142805
12,-0.85286212,-0.165714025,-1.018576145,0.165714025,-0.33142805
12,-0.851328135,-0.165714025,-1.01704216,0.165714025,-0.33142805
12,-0.851328135,-0.165714025,-1.01704216,0.165714025,-0.33142805
12,-0.845191956,-0.165714025,-1.010905981,0.165714025,-0.33142805
12,-0.832920074,-0.165714025,-0.998634099,0.165714025,-0.33142805
12,-0.808376074,-0.165714025,-0.974090099,0.165714025,-0.33142805
12,-0.788434029,-0.165714025,-0.954148054,0.165714025,-0.33142805
12,-0.765424013,-0.165714025,-0.931138038,0.165714025,-0.33142805
12,-0.740880013,-0.165714025,-0.906594038,0.165714025,-0.33142805
12,-0.713268042,-0.165714025,-0.878982067,0.165714025,-0.33142805
12,-0.685656071,-0.165714025,-0.851370096,0.165714025,-0.33142805
12,-0.66111207,-0.165714025,-0.826826095,0.165714025,-0.33142805
12,-0.622761965,-0.165714025,-0.78847599,0.165714025,-0.33142805
12,-0.592082024,-0.165714025,-0.757796049,0.165714025,-0.33142805
12,-0.561402082,-0.165714025,-0.727116107,0.165714025,-0.33142805
12,-0.524585962,-0.165714025,-0.690299987,0.165714025,-0.33142805
12,-0.480100155,-0.165714025,-0.64581418,0.165714025,-0.33142805
12,-0.461692095,-0.165714025,-0.62740612,0.165714025,-0.33142805
12,-0.435614109,-0.165714025,-0.601328134,0.165714025,-0.33142805
12,-0.395730019,-0.165714025,-0.561444044,0.165714025,-0.33142805
12,-0.369652033,-0.165714025,-0.535366058,0.165714025,-0.33142805
12,-0.340506077,-0.165714025,-0.506220102,0.165714025,-0.33142805
12,-0.297554016,-0.165714025,-0.463268041,0.165714025,-0.33142805
12,-0.256135941,-0.165714025,-0.421849966,0.165714025,-0.33142805
12,-0.210116148,-0.165714025,-0.375830173,0.165714025,-0.33142805
12,-0.165630102,-0.165714025,-0.331344127,0.165714025,-0.33142805
12,-0.136484146,-0.16418004,-0.300664186,0.16418004,-0.32836008
12,-0.0919981,-0.16418004,-0.25617814,0.16418004,-0.32836008
12,-0.042910099,-0.16418004,-0.207090139,0.16418004,-0.32836008
12,-0.012229919,-0.16418004,-0.176409959,0.16418004,-0.32836008
12,0.035323858,-0.16418004,-0.128856182,0.16418004,-0.32836008
12,0.081343889,-0.16418004,-0.082836151,0.16418004,-0.32836008
12,0.13043189,-0.162646055,-0.032214165,0.162646055,-0.32529211
12,0.170315981,-0.162646055,0.007669926,0.162646055,-0.32529211
12,0.219403982,-0.162646055,0.056757927,0.162646055,-0.32529211
12,0.270025969,-0.158043861,0.111982108,0.158043861,-0.316087722
12,0.32524991,-0.158043861,0.167206049,0.158043861,-0.316087722
12,0.374337912,-0.158043861,0.216294051,0.158043861,-0.316087722
12,0.414222002,-0.158043861,0.256178141,0.158043861,-0.316087722
12,0.470979929,-0.156509876,0.314470053,0.156509876,-0.313019752
12,0.512398005,-0.156509876,0.355888129,0.156509876,-0.313019752
12,0.558418036,-0.154975891,0.403442145,0.154975891,-0.309951782
12,0.592165947,-0.154975891,0.437190056,0.154975891,-0.309951782
12,0.621311903,-0.153441906,0.467869997,0.153441906,-0.306883812
12,0.668865919,-0.153441906,0.515424013,0.153441906,-0.306883812
12,0.71181798,-0.151907921,0.559910059,0.151907921,-0.303815842
12,0.756304026,-0.151907921,0.604396105,0.151907921,-0.303815842
12,0.780848026,-0.151907921,0.628940105,0.151907921,-0.303815842
12,0.786983967,-0.153441906,0.633542061,0.153441906,-0.306883812
12,0.786983967,-0.151907921,0.635076046,0.151907921,-0.303815842
12,0.786983967,-0.151907921,0.635076046,0.151907921,-0.303815842
12,0.760905981,-0.151907921,0.60899806,0.151907921,-0.303815842
12,0.684206009,-0.151907921,0.532298088,0.151907921,-0.303815842
12,0.627448082,-0.151907921,0.475540161,0.151907921,-0.303815842
12,0.549213886,-0.151907921,0.397305965,0.151907921,-0.303815842
12,0.458708048,-0.151907921,0.306800127,0.151907921,-0.303815842
12,0.349793911,-0.151907921,0.19788599,0.151907921,-0.303815842
12,0.237812042,-0.151907921,0.085904121,0.151907921,-0.303815842
12,0.122761965,-0.151907921,-0.029145956,0.151907921,-0.303815842
12,4.20E-05,-0.151907921,-0.151865921,0.151907921,-0.303815842
12,-0.128813982,-0.151907921,-0.280721903,0.151907921,-0.303815842
12,-0.24693203,-0.153441906,-0.400373936,0.153441906,-0.306883812
12,-0.329767942,-0.153441906,-0.483209848,0.153441906,-0.306883812
12,-0.492372036,-0.16418004,-0.656552076,0.16418004,-0.32836008
12,-0.607422113,-0.225539923,-0.832962036,0.225539923,-0.451079846
12,-0.707132101,-0.266957998,-0.974090099,0.266957998,-0.533915996
12,-0.805308104,-0.263890028,-1.069198132,0.263890028,-0.527780056
12,-0.878940105,-0.265424013,-1.144364118,0.265424013,-0.530848026
12,-0.934164047,-0.268491983,-1.20265603,0.268491983,-0.536983966
12,-0.975582123,-0.271559954,-1.247142077,0.271559954,-0.543119908
12,-1.004728079,-0.273093939,-1.277822018,0.273093939,-0.546187878
12,-1.036942005,-0.273093939,-1.310035944,0.273093939,-0.546187878
12,-1.04768014,-0.273093939,-1.320774079,0.273093939,-0.546187878
12,-1.049214125,-0.273093939,-1.322308064,0.273093939,-0.546187878
12,-1.049214125,-0.273093939,-1.322308064,0.273093939,-0.546187878
12,-1.049214125,-0.273093939,-1.322308064,0.273093939,-0.546187878
12,-1.049214125,-0.273093939,-1.322308064,0.273093939,-0.546187878
12,-1.049214125,-0.273093939,-1.322308064,0.273093939,-0.546187878
12,-1.04768014,-0.273093939,-1.320774079,0.273093939,-0.546187878
12,-1.04768014,-0.273093939,-1.320774079,0.273093939,-0.546187878
12,-1.046146154,-0.273093939,-1.319240093,0.273093939,-0.546187878
12,-1.041543961,-0.273093939,-1.3146379,0.273093939,-0.546187878
12,-1.001660109,-0.274627924,-1.276288033,0.274627924,-0.549255848
12,-0.981718063,-0.274627924,-1.256345987,0.274627924,-0.549255848
12,-0.972514153,-0.270025969,-1.242540122,0.270025969,-0.540051938
12,-0.969446182,-0.213268042,-1.182714224,0.213268042,-0.426536084
12,-0.964843988,-0.13043189,-1.095275878,0.13043189,-0.26086378
12,-0.963310003,-0.107421875,-1.070731878,0.107421875,-0.21484375
12,-0.961776018,-0.118160009,-1.079936027,0.118160009,-0.236320018
12,-0.957174063,-0.118160009,-1.075334072,0.118160009,-0.236320018
12,-0.954106092,-0.10588789,-1.059993982,0.10588789,-0.21177578
12,-0.944901943,-0.10588789,-1.050789833,0.10588789,-0.21177578
12,-0.932630062,-0.10588789,-1.038517952,0.10588789,-0.21177578
12,-0.923426151,-0.104353905,-1.027780056,0.104353905,-0.20870781
12,-0.909620047,-0.104353905,-1.013973952,0.104353905,-0.20870781
12,-0.891211987,-0.104353905,-0.995565892,0.104353905,-0.20870781
12,-0.87127018,-0.10588789,-0.97715807,0.10588789,-0.21177578
12,-0.85593009,-0.104353905,-0.960283995,0.104353905,-0.20870781
12,-0.831386089,-0.104353905,-0.935739994,0.104353905,-0.20870781
12,-0.811444044,-0.104353905,-0.915797949,0.104353905,-0.20870781
12,-0.777696133,-0.104353905,-0.882050038,0.104353905,-0.20870781
12,-0.750084162,-0.104353905,-0.854438067,0.104353905,-0.20870781
12,-0.722471952,-0.104353905,-0.826825857,0.104353905,-0.20870781
12,-0.6825881,-0.104353905,-0.786942005,0.104353905,-0.20870781
12,-0.647305965,-0.104353905,-0.75165987,0.104353905,-0.20870781
12,-0.616626024,-0.104353905,-0.720979929,0.104353905,-0.20870781
12,-0.578276157,-0.104353905,-0.682630062,0.104353905,-0.20870781
12,-0.538392067,-0.104353905,-0.642745972,0.104353905,-0.20870781
12,-0.512314081,-0.104353905,-0.616667986,0.104353905,-0.20870781
12,-0.470896006,-0.104353905,-0.575249911,0.104353905,-0.20870781
12,-0.435614109,-0.104353905,-0.539968014,0.104353905,-0.20870781
12,-0.418740034,-0.104353905,-0.523093939,0.104353905,-0.20870781
12,-0.411070108,-0.13043189,-0.541501998,0.13043189,-0.26086378
12,-0.411070108,-0.230141878,-0.641211986,0.230141878,-0.460283756
12,-0.409536123,-0.33752203,-0.747058153,0.33752203,-0.67504406
12,-0.411070108,-0.420357943,-0.831428051,0.420357943,-0.840715886
12,-0.409536123,-0.52006793,-0.929604053,0.52006793,-1.04013586
12,-0.411070108,-0.612107992,-1.0231781,0.612107992,-1.224215984
12,-0.411070108,-0.639719963,-1.050790071,0.639719963,-1.279439926
12,-0.411070108,-0.639719963,-1.050790071,0.639719963,-1.279439926
12,-0.409536123,-0.658128023,-1.067664146,0.658128023,-1.316256046
12,-0.401865959,-0.678070068,-1.079936027,0.678070068,-1.356140136
12,-0.392662048,-0.678070068,-1.070732116,0.678070068,-1.356140136
12,-0.374253988,-0.676536083,-1.050790071,0.676536083,-1.353072166
12,-0.351243973,-0.676536083,-1.027780056,0.676536083,-1.353072166
12,-0.326699972,-0.676536083,-1.003236055,0.676536083,-1.353072166
12,-0.317496061,-0.658128023,-0.975624084,0.658128023,-1.316256046
12,-0.311360121,-0.578360081,-0.889720202,0.578360081,-1.156720162
12,-0.30829215,-0.484786034,-0.793078184,0.484786034,-0.969572068
12,-0.305223942,-0.451037884,-0.756261826,0.451037884,-0.902075768
12,-0.303689957,-0.447969913,-0.75165987,0.447969913,-0.895939826
12,-0.292952061,-0.431096077,-0.724048138,0.431096077,-0.862192154
12,-0.273010015,-0.420357943,-0.693367958,0.420357943,-0.840715886
12,-0.243864059,-0.421891928,-0.665755987,0.421891928,-0.843783856
12,-0.205513954,-0.417289972,-0.622803926,0.417289972,-0.834579944
12,-0.159493923,-0.406552076,-0.566045999,0.406552076,-0.813104152
12,-0.113474131,-0.395813942,-0.509288073,0.395813942,-0.791627884
12,-0.059783936,-0.389678001,-0.449461937,0.389678001,-0.779356002
12,0.018450022,-0.382008076,-0.363558054,0.382008076,-0.764016152
12,0.056799889,-0.371269941,-0.314470052,0.371269941,-0.742539882
12,0.131965876,-0.355929852,-0.223963976,0.355929852,-0.711859704
12,0.214802027,-0.349793911,-0.134991884,0.349793911,-0.699587822
12,0.294569969,-0.332920074,-0.038350105,0.332920074,-0.665840148
12,0.385076046,-0.312978029,0.072098017,0.312978029,-0.625956058
12,0.472513914,-0.308376074,0.16413784,0.308376074,-0.616752148
12,0.561486006,-0.294569969,0.266916037,0.294569969,-0.589139938
12,0.653526068,-0.270025969,0.383500099,0.270025969,-0.540051938
12,0.710283995,-0.265424013,0.444859982,0.265424013,-0.530848026
12,0.799256086,-0.257753849,0.541502237,0.257753849,-0.515507698
12,0.88822794,-0.239346027,0.648881913,0.239346027,-0.478692054
12,0.997141838,-0.222471952,0.774669886,0.222471952,-0.444943904
12,1.075376034,-0.210200071,0.865175963,0.210200071,-0.420400142
12,1.149007797,-0.200995922,0.948011875,0.200995922,-0.401991844
12,1.191959858,-0.194859982,0.997099876,0.194859982,-0.389719964
12,1.233377934,-0.188724041,1.044653893,0.188724041,-0.377448082
12,1.285533905,-0.182587862,1.102946043,0.182587862,-0.365175724
12,1.333087921,-0.176451921,1.156636,0.176451921,-0.352903842
12,1.369904041,-0.176451921,1.19345212,0.176451921,-0.352903842
12,1.392913818,-0.174917936,1.217995882,0.174917936,-0.349835872
12,1.406720161,-0.174917936,1.231802225,0.174917936,-0.349835872
12,1.414390087,-0.174917936,1.239472151,0.174917936,-0.349835872
12,1.414390087,-0.174917936,1.239472151,0.174917936,-0.349835872
12,1.408254147,-0.174917936,1.233336211,0.174917936,-0.349835872
12,1.376039982,-0.174917936,1.201122046,0.174917936,-0.349835872
12,1.311612129,-0.174917936,1.136694193,0.174917936,-0.349835872
12,1.241047859,-0.170315981,1.070731878,0.170315981,-0.340631962
12,1.15974617,-0.167248011,0.992498159,0.167248011,-0.334496022
12,1.073842049,-0.167248011,0.906594038,0.167248011,-0.334496022
12,0.949587822,-0.162646055,0.786941767,0.162646055,-0.32529211
12,0.89129591,-0.162646055,0.728649855,0.162646055,-0.32529211
12,0.782382011,-0.162646055,0.619735956,0.162646055,-0.32529211
12,0.650457859,-0.162646055,0.487811804,0.162646055,-0.32529211
12,0.543077946,-0.162646055,0.380431891,0.162646055,-0.32529211
12,0.423425913,-0.162646055,0.260779858,0.162646055,-0.32529211
12,0.30684185,-0.162646055,0.144195795,0.162646055,-0.32529211
12,0.225539923,-0.162646055,0.062893868,0.162646055,-0.32529211
12,0.099751949,-0.162646055,-0.062894106,0.162646055,-0.32529211
12,0.023051977,-0.162646055,-0.139594078,0.162646055,-0.32529211
12,-0.090464115,-0.16418004,-0.254644155,0.16418004,-0.32836008
12,-0.207047939,-0.162646055,-0.369693994,0.162646055,-0.32529211
12,-0.314428091,-0.16418004,-0.478608131,0.16418004,-0.32836008
12,-0.409536123,-0.162646055,-0.572182178,0.162646055,-0.32529211
12,-0.500041962,-0.16418004,-0.664222002,0.16418004,-0.32836008
12,-0.579810143,-0.16418004,-0.743990183,0.16418004,-0.32836008
12,-0.64270401,-0.16418004,-0.80688405,0.16418004,-0.32836008
12,-0.693325996,-0.16418004,-0.857506036,0.16418004,-0.32836008
12,-0.733210087,-0.16418004,-0.897390127,0.16418004,-0.32836008
12,-0.754686117,-0.16418004,-0.918866157,0.16418004,-0.32836008
12,-0.762356043,-0.165714025,-0.928070068,0.165714025,-0.33142805
12,-0.762356043,-0.16418004,-0.926536083,0.16418004,-0.32836008
12,-0.762356043,-0.16418004,-0.926536083,0.16418004,-0.32836008
12,-0.762356043,-0.16418004,-0.926536083,0.16418004,-0.32836008
12,-0.762356043,-0.16418004,-0.926536083,0.16418004,-0.32836008
12,-0.762356043,-0.16418004,-0.926536083,0.16418004,-0.32836008
12,-0.760822058,-0.16418004,-0.925002098,0.16418004,-0.32836008
12,-0.751618147,-0.16418004,-0.915798187,0.16418004,-0.32836008
12,-0.734744072,-0.16418004,-0.898924112,0.16418004,-0.32836008
12,-0.714802027,-0.16418004,-0.878982067,0.16418004,-0.32836008
12,-0.681054115,-0.16418004,-0.845234155,0.16418004,-0.32836008
12,-0.651908159,-0.16418004,-0.816088199,0.16418004,-0.32836008
12,-0.615092039,-0.165714025,-0.780806064,0.165714025,-0.33142805
12,-0.592082024,-0.16418004,-0.756262064,0.16418004,-0.32836008
12,-0.558334112,-0.16418004,-0.722514152,0.16418004,-0.32836008
12,-0.523051977,-0.16418004,-0.687232017,0.16418004,-0.32836008
12,-0.487770081,-0.16418004,-0.651950121,0.16418004,-0.32836008
12,-0.480100155,-0.16418004,-0.644280195,0.16418004,-0.32836008
12,-0.480100155,-0.16418004,-0.644280195,0.16418004,-0.32836008
12,-0.492372036,-0.16418004,-0.656552076,0.16418004,-0.32836008
12,-0.601285934,-0.16418004,-0.765465974,0.16418004,-0.32836008
12,-0.671849966,-0.16418004,-0.836030006,0.16418004,-0.32836008
12,-0.776162148,-0.165714025,-0.941876173,0.165714025,-0.33142805
12,-0.85286212,-0.165714025,-1.018576145,0.165714025,-0.33142805
12,-0.905018091,-0.170315981,-1.075334072,0.170315981,-0.340631962
12,-0.920358181,-0.176451921,-1.096810102,0.176451921,-0.352903842
12,-0.920358181,-0.176451921,-1.096810102,0.176451921,-0.352903842
12,-0.920358181,-0.176451921,-1.096810102,0.176451921,-0.352903842
12,-0.921892166,-0.176451921,-1.098344087,0.176451921,-0.352903842
12,-0.920358181,-0.176451921,-1.096810102,0.176451921,-0.352903842
12,-0.920358181,-0.176451921,-1.096810102,0.176451921,-0.352903842
12,-0.920358181,-0.176451921,-1.096810102,0.176451921,-0.352903842
12,-0.920358181,-0.176451921,-1.096810102,0.176451921,-0.352903842
12,-0.920358181,-0.176451921,-1.096810102,0.176451921,-0.352903842
12,-0.920358181,-0.176451921,-1.096810102,0.176451921,-0.352903842
12,-0.917289972,-0.176451921,-1.093741893,0.176451921,-0.352903842
12,-0.908086061,-0.176451921,-1.084537982,0.176451921,-0.352903842
12,-0.892745972,-0.176451921,-1.069197893,0.176451921,-0.352903842
12,-0.882008076,-0.176451921,-1.058459997,0.176451921,-0.352903842
12,-0.868201971,-0.176451921,-1.044653892,0.176451921,-0.352903842
12,-0.85593009,-0.176451921,-1.032382011,0.176451921,-0.352903842
12,-0.842123985,-0.176451921,-1.018575906,0.176451921,-0.352903842
12,-0.828318119,-0.176451921,-1.00477004,0.176451921,-0.352903842
12,-0.811444044,-0.176451921,-0.987895965,0.176451921,-0.352903842
12,-0.799172163,-0.176451921,-0.975624084,0.176451921,-0.352903842
12,-0.782298088,-0.176451921,-0.958750009,0.176451921,-0.352903842
12,-0.760822058,-0.176451921,-0.937273979,0.176451921,-0.352903842
12,-0.742413998,-0.176451921,-0.918865919,0.176451921,-0.352903842
12,-0.730142117,-0.176451921,-0.906594038,0.176451921,-0.352903842
12,-0.710200071,-0.176451921,-0.886651992,0.176451921,-0.352903842
12,-0.64577198,-0.176451921,-0.822223901,0.176451921,-0.352903842
12,-0.547595978,-0.176451921,-0.724047899,0.176451921,-0.352903842
12,-0.44788599,-0.174917936,-0.622803926,0.174917936,-0.349835872
12,-0.329767942,-0.174917936,-0.504685878,0.174917936,-0.349835872
12,-0.216252089,-0.174917936,-0.391170025,0.174917936,-0.349835872
12,-0.125746012,-0.173383951,-0.299129963,0.173383951,-0.346767902
12,-0.0674541,-0.173383951,-0.240838051,0.173383951,-0.346767902
12,-0.045978069,-0.173383951,-0.21936202,0.173383951,-0.346767902
12,-0.038308144,-0.173383951,-0.211692095,0.173383951,-0.346767902
12,-0.029103994,-0.174917936,-0.20402193,0.174917936,-0.349835872
12,-0.026036024,-0.174917936,-0.20095396,0.174917936,-0.349835872
12,-0.026036024,-0.173383951,-0.199419975,0.173383951,-0.346767902
12,-0.016832113,-0.173383951,-0.190216064,0.173383951,-0.346767902
12,-0.010695934,-0.173383951,-0.184079885,0.173383951,-0.346767902
12,-0.007627964,-0.173383951,-0.181011915,0.173383951,-0.346767902
12,0.006177902,-0.173383951,-0.167206049,0.173383951,-0.346767902
12,0.009245872,-0.173383951,-0.164138079,0.173383951,-0.346767902
12,0.021517992,-0.174917936,-0.153399944,0.174917936,-0.349835872
12,0.032255888,-0.173383951,-0.141128063,0.173383951,-0.346767902
12,0.036858082,-0.173383951,-0.136525869,0.173383951,-0.346767902
12,0.056799889,-0.173383951,-0.116584062,0.173383951,-0.346767902
12,0.066004038,-0.173383951,-0.107379913,0.173383951,-0.346767902
12,0.078275919,-0.173383951,-0.095108032,0.173383951,-0.346767902
12,0.101285934,-0.173383951,-0.072098017,0.173383951,-0.346767902
12,0.10895586,-0.173383951,-0.064428091,0.173383951,-0.346767902
12,0.128897905,-0.173383951,-0.044486046,0.173383951,-0.346767902
12,0.14270401,-0.173383951,-0.030679941,0.173383951,-0.346767902
12,0.153441906,-0.173383951,-0.019942045,0.173383951,-0.346767902
12,0.165714025,-0.173383951,-0.007669926,0.173383951,-0.346767902
12,0.188724041,-0.173383951,0.01534009,0.173383951,-0.346767902
12,0.237812042,-0.173383951,0.064428091,0.173383951,-0.346767902
12,0.309910059,-0.173383951,0.136526108,0.173383951,-0.346767902
12,0.397347927,-0.171849966,0.225497961,0.171849966,-0.343699932
12,0.524669886,-0.165714025,0.358955861,0.165714025,-0.33142805
12,0.598301888,-0.16418004,0.434121848,0.16418004,-0.32836008
12,0.670399904,-0.16418004,0.506219864,0.16418004,-0.32836008
12,0.740963936,-0.16418004,0.576783896,0.16418004,-0.32836008
12,0.794653893,-0.16418004,0.630473853,0.16418004,-0.32836008
12,0.826868057,-0.16418004,0.662688017,0.16418004,-0.32836008
12,0.831470013,-0.16418004,0.667289973,0.16418004,-0.32836008
12,0.837605953,-0.162646055,0.674959898,0.162646055,-0.32529211
12,0.843741894,-0.16418004,0.679561854,0.16418004,-0.32836008
12,0.843741894,-0.162646055,0.681095839,0.162646055,-0.32529211
12,0.849878073,-0.162646055,0.687232018,0.162646055,-0.32529211
12,0.854480028,-0.162646055,0.691833973,0.162646055,-0.32529211
12,0.862150192,-0.162646055,0.699504137,0.162646055,-0.32529211
12,0.866752148,-0.162646055,0.704106093,0.162646055,-0.32529211
12,0.872888088,-0.162646055,0.710242033,0.162646055,-0.32529211
12,0.883625984,-0.162646055,0.720979929,0.162646055,-0.32529211
12,0.889761925,-0.162646055,0.72711587,0.162646055,-0.32529211
12,0.903567791,-0.16111207,0.742455721,0.16111207,-0.32222414
12,0.909704208,-0.16111207,0.748592138,0.16111207,-0.32222414
12,0.918908119,-0.16111207,0.757796049,0.16111207,-0.32222414
12,0.929646015,-0.16111207,0.768533945,0.16111207,-0.32222414
12,0.937315941,-0.16111207,0.776203871,0.16111207,-0.32222414
12,0.952655792,-0.159577847,0.793077945,0.159577847,-0.319155694
12,0.96492815,-0.159577847,0.805350303,0.159577847,-0.319155694
12,0.981801987,-0.159577847,0.82222414,0.159577847,-0.319155694
12,0.994073868,-0.159577847,0.834496021,0.159577847,-0.319155694
12,1.010948181,-0.159577847,0.851370334,0.159577847,-0.319155694
12,1.024754047,-0.159577847,0.8651762,0.159577847,-0.319155694
12,1.040093899,-0.158043861,0.882050038,0.158043861,-0.316087722
12,1.056968212,-0.158043861,0.898924351,0.158043861,-0.316087722
12,1.070774078,-0.159577847,0.911196231,0.159577847,-0.319155694
12,1.0891819,-0.158043861,0.931138039,0.158043861,-0.316087722
12,1.104521751,-0.158043861,0.94647789,0.158043861,-0.316087722
12,1.116794109,-0.158043861,0.958750248,0.158043861,-0.316087722
12,1.135201931,-0.158043861,0.97715807,0.158043861,-0.316087722
12,1.153610229,-0.156509876,0.997100353,0.156509876,-0.313019752
12,1.167416096,-0.156509876,1.01090622,0.156509876,-0.313019752
12,1.176620007,-0.156509876,1.020110131,0.156509876,-0.313019752
12,1.196561813,-0.154975891,1.041585922,0.154975891,-0.309951782
12,1.211902142,-0.156509876,1.055392266,0.156509876,-0.313019752
12,1.228775978,-0.156509876,1.072266102,0.156509876,-0.313019752
12,1.245649815,-0.154975891,1.090673924,0.154975891,-0.309951782
12,1.262524128,-0.156509876,1.106014252,0.156509876,-0.313019752
12,1.277863979,-0.156509876,1.121354103,0.156509876,-0.313019752
12,1.294737816,-0.156509876,1.13822794,0.156509876,-0.313019752
12,1.310078144,-0.156509876,1.153568268,0.156509876,-0.313019752
12,1.325417995,-0.156509876,1.168908119,0.156509876,-0.313019752
12,1.334621906,-0.156509876,1.17811203,0.156509876,-0.313019752
12,1.349962235,-0.156509876,1.193452359,0.156509876,-0.313019752
12,1.36070013,-0.154975891,1.205724239,0.154975891,-0.309951782
12,1.368370056,-0.156509876,1.21186018,0.156509876,-0.313019752
12,1.376039982,-0.156509876,1.219530106,0.156509876,-0.313019752
12,1.386777878,-0.154975891,1.231801987,0.154975891,-0.309951782
12,1.395981789,-0.156509876,1.239471913,0.156509876,-0.313019752
12,1.405186176,-0.156509876,1.2486763,0.156509876,-0.313019752
12,1.415924072,-0.156509876,1.259414196,0.156509876,-0.313019752
12,1.423593998,-0.156509876,1.267084122,0.156509876,-0.313019752
12,1.429729939,-0.154975891,1.274754048,0.154975891,-0.309951782
12,1.435865879,-0.156509876,1.279356003,0.156509876,-0.313019752
12,1.440467834,-0.156509876,1.283957958,0.156509876,-0.313019752
12,1.44200182,-0.156509876,1.285491944,0.156509876,-0.313019752
12,1.44200182,-0.156509876,1.285491944,0.156509876,-0.313019752
12,1.44200182,-0.156509876,1.285491944,0.156509876,-0.313019752
12,1.448138237,-0.156509876,1.291628361,0.156509876,-0.313019752
12,1.468080044,-0.156509876,1.311570168,0.156509876,-0.313019752
12,1.474215984,-0.154975891,1.319240093,0.154975891,-0.309951782
12,1.474215984,-0.156509876,1.317706108,0.156509876,-0.313019752
12,1.474215984,-0.156509876,1.317706108,0.156509876,-0.313019752
12,1.474215984,-0.156509876,1.317706108,0.156509876,-0.313019752
12,1.474215984,-0.156509876,1.317706108,0.156509876,-0.313019752
12,1.474215984,-0.156509876,1.317706108,0.156509876,-0.313019752
12,1.474215984,-0.156509876,1.317706108,0.156509876,-0.313019752
12,1.474215984,-0.154975891,1.319240093,0.154975891,-0.309951782
12,1.474215984,-0.156509876,1.317706108,0.156509876,-0.313019752
12,1.474215984,-0.156509876,1.317706108,0.156509876,-0.313019752
12,1.472681999,-0.156509876,1.316172123,0.156509876,-0.313019752
12,1.455808163,-0.154975891,1.300832272,0.154975891,-0.309951782
12,1.431263924,-0.156509876,1.274754048,0.156509876,-0.313019752
12,1.383709908,-0.154975891,1.228734017,0.154975891,-0.309951782
12,1.348427773,-0.156509876,1.191917897,0.156509876,-0.313019752
12,1.285533905,-0.154975891,1.130558014,0.154975891,-0.309951782
12,1.198095798,-0.154975891,1.043119907,0.154975891,-0.309951782
12,1.138269901,-0.156509876,0.981760025,0.156509876,-0.313019752
12,1.044695854,-0.154975891,0.889719963,0.154975891,-0.309951782
12,0.935781956,-0.153441906,0.78234005,0.153441906,-0.306883812
12,0.817663908,-0.153441906,0.664222002,0.153441906,-0.306883812
12,0.71488595,-0.153441906,0.561444044,0.153441906,-0.306883812
12,0.602904081,-0.153441906,0.449462175,0.153441906,-0.306883812
12,0.474047899,-0.153441906,0.320605993,0.153441906,-0.306883812
12,0.357464075,-0.153441906,0.204022169,0.153441906,-0.306883812
12,0.240880013,-0.153441906,0.087438107,0.153441906,-0.306883812
12,0.116626024,-0.153441906,-0.036815882,0.153441906,-0.306883812
12,-0.012229919,-0.154975891,-0.16720581,0.154975891,-0.309951782
12,-0.128813982,-0.153441906,-0.282255888,0.153441906,-0.306883812
12,-0.245398045,-0.153441906,-0.398839951,0.153441906,-0.306883812
12,-0.30829215,-0.154975891,-0.463268041,0.154975891,-0.309951782
12,-0.408002138,-0.154975891,-0.562978029,0.154975891,-0.309951782
12,-0.512314081,-0.153441906,-0.665755987,0.153441906,-0.306883812
12,-0.599751949,-0.154975891,-0.75472784,0.154975891,-0.309951782
12,-0.697927952,-0.154975891,-0.852903843,0.154975891,-0.309951782
12,-0.797637939,-0.154975891,-0.95261383,0.154975891,-0.309951782
12,-0.84059,-0.154975891,-0.995565891,0.154975891,-0.309951782
12,-0.897348166,-0.154975891,-1.052324057,0.154975891,-0.309951782
12,-0.946436167,-0.156509876,-1.102946043,0.156509876,-0.313019752
12,-1.007796049,-0.16111207,-1.168908119,0.16111207,-0.32222414
12,-1.061486006,-0.162646055,-1.224132061,0.162646055,-0.32529211
12,-1.104438066,-0.162646055,-1.267084121,0.162646055,-0.32529211
12,-1.128982067,-0.162646055,-1.291628122,0.162646055,-0.32529211
12,-1.161196113,-0.162646055,-1.323842168,0.162646055,-0.32529211
12,-1.213352084,-0.16418004,-1.377532124,0.16418004,-0.32836008
12,-1.23329401,-0.16418004,-1.39747405,0.16418004,-0.32836008
12,-1.2486341,-0.162646055,-1.411280155,0.162646055,-0.32529211
12,-1.2486341,-0.165714025,-1.414348125,0.165714025,-0.33142805
12,-1.2486341,-0.168781996,-1.417416096,0.168781996,-0.337563992
12,-1.250168085,-0.168781996,-1.418950081,0.168781996,-0.337563992
12,-1.2486341,-0.168781996,-1.417416096,0.168781996,-0.337563992
12,-1.2486341,-0.168781996,-1.417416096,0.168781996,-0.337563992
12,-1.2486341,-0.168781996,-1.417416096,0.168781996,-0.337563992
12,-1.2486341,-0.168781996,-1.417416096,0.168781996,-0.337563992
12,-1.2486341,-0.168781996,-1.417416096,0.168781996,-0.337563992
12,-1.24556613,-0.177985907,-1.423552037,0.177985907,-0.355971814
12,-1.237896085,-0.228607893,-1.466503978,0.228607893,-0.457215786
12,-1.234828115,-0.248549938,-1.483378053,0.248549938,-0.497099876
12,-1.23022604,-0.248549938,-1.478775978,0.248549938,-0.497099876
12,-1.23022604,-0.245481968,-1.475708008,0.245481968,-0.490963936
12,-1.23022604,-0.247015953,-1.477241993,0.247015953,-0.494031906
12,-1.23022604,-0.247015953,-1.477241993,0.247015953,-0.494031906
12,-1.23022604,-0.247015953,-1.477241993,0.247015953,-0.494031906
12,-1.225624084,-0.247015953,-1.472640037,0.247015953,-0.494031906
12,-1.210284114,-0.247015953,-1.457300067,0.247015953,-0.494031906
12,-1.201080084,-0.247015953,-1.448096037,0.247015953,-0.494031906
12,-1.199546099,-0.247015953,-1.446562052,0.247015953,-0.494031906
12,-1.199546099,-0.247015953,-1.446562052,0.247015953,-0.494031906
12,-1.199546099,-0.247015953,-1.446562052,0.247015953,-0.494031906
12,-1.199546099,-0.245481968,-1.445028067,0.245481968,-0.490963936
12,-1.193410039,-0.245481968,-1.438892007,0.245481968,-0.490963936
12,-1.181138039,-0.245481968,-1.426620007,0.245481968,-0.490963936
12,-1.170400023,-0.243947983,-1.414348006,0.243947983,-0.487895966
12,-1.170400023,-0.243947983,-1.414348006,0.243947983,-0.487895966
12,-1.168866038,-0.243947983,-1.412814021,0.243947983,-0.487895966
12,-1.151992083,-0.243947983,-1.395940066,0.243947983,-0.487895966
12,-1.128982067,-0.228607893,-1.35758996,0.228607893,-0.457215786
12,-1.125914097,-0.208665848,-1.334579945,0.208665848,-0.417331696
12,-1.124380112,-0.190258026,-1.314638138,0.190258026,-0.380516052
12,-1.119778156,-0.191792011,-1.311570167,0.191792011,-0.383584022
12,-1.116710186,-0.191792011,-1.308502197,0.191792011,-0.383584022
12,-1.113641977,-0.191792011,-1.305433988,0.191792011,-0.383584022
12,-1.112107992,-0.191792011,-1.303900003,0.191792011,-0.383584022
12,-1.109040022,-0.190258026,-1.299298048,0.190258026,-0.380516052
12,-1.102904081,-0.190258026,-1.293162107,0.190258026,-0.380516052
12,-1.093700171,-0.190258026,-1.283958197,0.190258026,-0.380516052
12,-1.079894066,-0.191792011,-1.271686077,0.191792011,-0.383584022
12,-1.06915617,-0.190258026,-1.259414196,0.190258026,-0.380516052
12,-1.05381608,-0.177985907,-1.231801987,0.177985907,-0.355971814
12,-1.041543961,-0.131965876,-1.173509837,0.131965876,-0.263931752
12,-1.036942005,-0.096683979,-1.133625984,0.096683979,-0.193367958
12,-1.033874035,-0.101285934,-1.135159969,0.101285934,-0.202571868
12,-1.030806065,-0.101285934,-1.132091999,0.101285934,-0.202571868
12,-1.024670124,-0.096683979,-1.121354103,0.096683979,-0.193367958
12,-1.01699996,-0.096683979,-1.113683939,0.096683979,-0.193367958
12,-1.007796049,-0.096683979,-1.104480028,0.096683979,-0.193367958
12,-0.995524168,-0.095149994,-1.090674162,0.095149994,-0.190299988
12,-0.990921974,-0.082877874,-1.073799848,0.082877874,-0.165755748
12,-0.986320019,-0.038392067,-1.024712086,0.038392067,-0.076784134
12,-0.984786034,-0.009245872,-0.994031906,0.009245872,-0.018491744
12,-0.980184078,-0.015382051,-0.995566129,0.015382051,-0.030764102
12,-0.977116108,-0.015382051,-0.992498159,0.015382051,-0.030764102
12,-0.969446182,-0.009245872,-0.978692054,0.009245872,-0.018491744
12,-0.958708048,-0.009245872,-0.96795392,0.009245872,-0.018491744
12,-0.951038122,-0.009245872,-0.960283994,0.009245872,-0.018491744
12,-0.938766003,-0.009245872,-0.948011875,0.009245872,-0.018491744
12,-0.924960136,-0.009245872,-0.934206008,0.009245872,-0.018491744
12,-0.917289972,-0.010779858,-0.92806983,0.010779858,-0.021559716
12,-0.912688017,-0.053731918,-0.966419935,0.053731918,-0.107463836
12,-0.912688017,-0.158043861,-1.070731878,0.158043861,-0.316087722
12,-0.912688017,-0.197927952,-1.110615969,0.197927952,-0.395855904
12,-0.911154032,-0.191792011,-1.102946043,0.191792011,-0.383584022
12,-0.911154032,-0.194859982,-1.106014014,0.194859982,-0.389719964
12,-0.903484106,-0.204063892,-1.107547998,0.204063892,-0.408127784
12,-0.892745972,-0.202529907,-1.095275879,0.202529907,-0.405059814
12,-0.885076046,-0.205597878,-1.090673924,0.205597878,-0.411195756
12,-0.880474091,-0.250083923,-1.130558014,0.250083923,-0.500167846
12,-0.878940105,-0.296103954,-1.175044059,0.296103954,-0.592207908
12,-0.878940105,-0.314512014,-1.193452119,0.314512014,-0.629024028
12,-0.87433815,-0.309910059,-1.184248209,0.309910059,-0.619820118
12,-0.868201971,-0.311444044,-1.179646015,0.311444044,-0.622888088
12,-0.85593009,-0.311444044,-1.167374134,0.311444044,-0.622888088
12,-0.842123985,-0.311444044,-1.153568029,0.311444044,-0.622888088
12,-0.81911397,-0.311444044,-1.130558014,0.311444044,-0.622888088
12,-0.806842089,-0.311444044,-1.118286133,0.311444044,-0.622888088
12,-0.785366058,-0.309910059,-1.095276117,0.309910059,-0.619820118
12,-0.750084162,-0.311444044,-1.061528206,0.311444044,-0.622888088
12,-0.719403982,-0.311444044,-1.030848026,0.311444044,-0.622888088
12,-0.690258026,-0.309910059,-1.000168085,0.309910059,-0.619820118
12,-0.650373936,-0.311444044,-0.96181798,0.311444044,-0.622888088
12,-0.604354143,-0.309910059,-0.914264202,0.309910059,-0.619820118
12,-0.567538023,-0.309910059,-0.877448082,0.309910059,-0.619820118
12,-0.519984007,-0.309910059,-0.829894066,0.309910059,-0.619820118
12,-0.46936202,-0.309910059,-0.779272079,0.309910059,-0.619820118
12,-0.417206049,-0.309910059,-0.727116108,0.309910059,-0.619820118
12,-0.386526108,-0.311444044,-0.697970152,0.311444044,-0.622888088
12,-0.378855944,-0.348259926,-0.72711587,0.348259926,-0.696519852
12,-0.374253988,-0.391211987,-0.765465975,0.391211987,-0.782423974
12,-0.365050077,-0.394279957,-0.759330034,0.394279957,-0.788559914
12,-0.351243973,-0.392745972,-0.743989945,0.392745972,-0.785491944
12,-0.337438107,-0.392745972,-0.730184079,0.392745972,-0.785491944
12,-0.309826136,-0.392745972,-0.702572108,0.392745972,-0.785491944
12,-0.288350105,-0.392745972,-0.681096077,0.392745972,-0.785491944
12,-0.251533985,-0.392745972,-0.644279957,0.392745972,-0.785491944
12,-0.210116148,-0.392745972,-0.60286212,0.392745972,-0.785491944
12,-0.164096117,-0.392745972,-0.556842089,0.392745972,-0.785491944
12,-0.139552116,-0.398881912,-0.538434028,0.398881912,-0.797763824
12,-0.138018131,-0.455640078,-0.593658209,0.455640078,-0.911280156
12,-0.131881952,-0.50165987,-0.633541822,0.50165987,-1.00331974
12,-0.121144056,-0.500125885,-0.621269941,0.500125885,-1.00025177
12,-0.099668026,-0.50165987,-0.601327896,0.50165987,-1.00331974
12,-0.065920115,-0.500125885,-0.566046,0.500125885,-1.00025177
12,-0.021434069,-0.500125885,-0.521559954,0.500125885,-1.00025177
12,0.027653933,-0.500125885,-0.472471952,0.500125885,-1.00025177
12,0.076741934,-0.493989944,-0.41724801,0.493989944,-0.987979888
12,0.092082024,-0.460242033,-0.368160009,0.460242033,-0.920484066
12,0.098217964,-0.375871897,-0.277653933,0.375871897,-0.751743794
12,0.10588789,-0.34059,-0.23470211,0.34059,-0.68118
12,0.10588789,-0.342123985,-0.236236095,0.342123985,-0.68424797
12,0.112024069,-0.339056015,-0.227031946,0.339056015,-0.67811203
12,0.115092039,-0.33445406,-0.219362021,0.33445406,-0.66890812
12,0.115092039,-0.328317881,-0.213225842,0.328317881,-0.656635762
12,0.116626024,-0.328317881,-0.211691857,0.328317881,-0.656635762
12,0.118160009,-0.328317881,-0.210157872,0.328317881,-0.656635762
12,0.12429595,-0.326783895,-0.202487945,0.326783895,-0.65356779
12,0.12736392,-0.312978029,-0.185614109,0.312978029,-0.625956058
12,0.12736392,-0.286900043,-0.159536123,0.286900043,-0.573800086
12,0.12736392,-0.283832073,-0.156468153,0.283832073,-0.567664146
12,0.13043189,-0.283832073,-0.153400183,0.283832073,-0.567664146
12,0.138102055,-0.283832073,-0.145730018,0.283832073,-0.567664146
12,0.13963604,-0.283832073,-0.144196033,0.283832073,-0.567664146
12,0.138102055,-0.283832073,-0.145730018,0.283832073,-0.567664146
12,0.14270401,-0.283832073,-0.141128063,0.283832073,-0.567664146
12,0.153441906,-0.283832073,-0.130390167,0.283832073,-0.567664146
12,0.154975891,-0.283832073,-0.128856182,0.283832073,-0.567664146
12,0.162646055,-0.283832073,-0.121186018,0.283832073,-0.567664146
12,0.173383951,-0.282298088,-0.108914137,0.282298088,-0.564596176
12,0.177985907,-0.283832073,-0.105846166,0.283832073,-0.567664146
12,0.191792011,-0.282298088,-0.090506077,0.282298088,-0.564596176
12,0.199461937,-0.283832073,-0.084370136,0.283832073,-0.567664146
12,0.208665848,-0.283832073,-0.075166225,0.283832073,-0.567664146
12,0.225539923,-0.279229879,-0.053689956,0.279229879,-0.558459758
12,0.231675863,-0.279229879,-0.047554016,0.279229879,-0.558459758
12,0.240880013,-0.277695894,-0.036815881,0.277695894,-0.555391788
12,0.262356043,-0.273093939,-0.010737896,0.273093939,-0.546187878
12,0.266957998,-0.273093939,-0.006135941,0.273093939,-0.546187878
12,0.286900043,-0.268491983,0.01840806,0.268491983,-0.536983966
12,0.293035984,-0.234744072,0.058291912,0.234744072,-0.469488144
12,0.294569969,-0.185656071,0.108913898,0.185656071,-0.371312142
12,0.296103954,-0.182587862,0.113516092,0.182587862,-0.365175724
12,0.296103954,-0.181053877,0.115050077,0.181053877,-0.362107754
12,0.299171925,-0.181053877,0.118118048,0.181053877,-0.362107754
12,0.30070591,-0.181053877,0.119652033,0.181053877,-0.362107754
12,0.312978029,-0.181053877,0.131924152,0.181053877,-0.362107754
12,0.317579985,-0.181053877,0.136526108,0.181053877,-0.362107754
12,0.320647955,-0.181053877,0.139594078,0.181053877,-0.362107754
12,0.328317881,-0.181053877,0.147264004,0.181053877,-0.362107754
12,0.342123985,-0.181053877,0.161070108,0.181053877,-0.362107754
12,0.349793911,-0.181053877,0.168740034,0.181053877,-0.362107754
12,0.355929852,-0.181053877,0.174875975,0.181053877,-0.362107754
12,0.375871897,-0.181053877,0.19481802,0.181053877,-0.362107754
12,0.386610031,-0.181053877,0.205556154,0.181053877,-0.362107754
12,0.401949883,-0.181053877,0.220896006,0.181053877,-0.362107754
12,0.418823957,-0.181053877,0.23777008,0.181053877,-0.362107754
12,0.437232018,-0.181053877,0.256178141,0.181053877,-0.362107754
12,0.454105854,-0.181053877,0.273051977,0.181053877,-0.362107754
12,0.469445944,-0.181053877,0.288392067,0.181053877,-0.362107754
12,0.493989944,-0.179519892,0.314470052,0.179519892,-0.359039784
12,0.510864019,-0.179519892,0.331344127,0.179519892,-0.359039784
12,0.53234005,-0.179519892,0.352820158,0.179519892,-0.359039784
12,0.55688405,-0.177985907,0.378898143,0.177985907,-0.355971814
12,0.570689917,-0.177985907,0.39270401,0.177985907,-0.355971814
12,0.590631962,-0.174917936,0.415714026,0.174917936,-0.349835872
12,0.616709948,-0.171849966,0.444859982,0.171849966,-0.343699932
12,0.638185978,-0.171849966,0.466336012,0.171849966,-0.343699932
12,0.661195993,-0.171849966,0.489346027,0.171849966,-0.343699932
12,0.687273979,-0.171849966,0.515424013,0.171849966,-0.343699932
12,0.71181798,-0.171849966,0.539968014,0.171849966,-0.343699932
12,0.73636198,-0.171849966,0.564512014,0.171849966,-0.343699932
12,0.762439966,-0.170315981,0.592123985,0.170315981,-0.340631962
12,0.774712086,-0.170315981,0.604396105,0.170315981,-0.340631962
12,0.794653893,-0.168781996,0.625871897,0.168781996,-0.337563992
12,0.819197893,-0.167248011,0.651949882,0.167248011,-0.334496022
12,0.846809864,-0.16418004,0.682629824,0.16418004,-0.32836008
12,0.871354103,-0.16418004,0.707174063,0.16418004,-0.32836008
12,0.89743185,-0.16418004,0.73325181,0.16418004,-0.32836008
12,0.923510075,-0.16418004,0.759330035,0.16418004,-0.32836008
12,0.949587822,-0.162646055,0.786941767,0.162646055,-0.32529211
12,0.975666046,-0.162646055,0.813019991,0.162646055,-0.32529211
12,1.001743793,-0.162646055,0.839097738,0.162646055,-0.32529211
12,1.027822018,-0.16111207,0.866709948,0.16111207,-0.32222414
12,1.053899765,-0.16111207,0.892787695,0.16111207,-0.32222414
12,1.078444004,-0.16111207,0.917331934,0.16111207,-0.32222414
12,1.102987766,-0.159577847,0.943409919,0.159577847,-0.319155694
12,1.12599802,-0.159577847,0.966420173,0.159577847,-0.319155694
12,1.141337872,-0.159577847,0.981760025,0.159577847,-0.319155694
12,1.152075768,-0.174917936,0.977157832,0.174917936,-0.349835872
12,1.153610229,-0.194859982,0.958750247,0.194859982,-0.389719964
12,1.158212185,-0.210200071,0.948012114,0.210200071,-0.420400142
12,1.16281414,-0.211734056,0.951080084,0.211734056,-0.423468112
12,1.172018051,-0.211734056,0.960283995,0.211734056,-0.423468112
12,1.181221962,-0.211734056,0.969487906,0.211734056,-0.423468112
12,1.195027828,-0.211734056,0.983293772,0.211734056,-0.423468112
12,1.211902142,-0.211734056,1.000168086,0.211734056,-0.423468112
12,1.228775978,-0.211734056,1.017041922,0.211734056,-0.423468112
12,1.248717785,-0.211734056,1.036983729,0.211734056,-0.423468112
12,1.268660069,-0.211734056,1.056926013,0.211734056,-0.423468112
12,1.282465935,-0.210200071,1.072265864,0.210200071,-0.420400142
12,1.294737816,-0.210200071,1.084537745,0.210200071,-0.420400142
12,1.313146114,-0.210200071,1.102946043,0.210200071,-0.420400142
12,1.330019951,-0.207131863,1.122888088,0.207131863,-0.414263726
12,1.345359802,-0.199461937,1.145897865,0.199461937,-0.398923874
12,1.365302086,-0.197927952,1.167374134,0.197927952,-0.395855904
12,1.380641937,-0.190258026,1.190383911,0.190258026,-0.380516052
12,1.394447804,-0.190258026,1.204189778,0.190258026,-0.380516052
12,1.409788132,-0.187190056,1.222598076,0.187190056,-0.374380112
12,1.422060013,-0.185656071,1.236403942,0.185656071,-0.371312142
12,1.431263924,-0.185656071,1.245607853,0.185656071,-0.371312142
12,1.440467834,-0.182587862,1.257879972,0.182587862,-0.365175724
12,1.448138237,-0.181053877,1.26708436,0.181053877,-0.362107754
12,1.451206207,-0.181053877,1.27015233,0.181053877,-0.362107754
12,1.451206207,-0.181053877,1.27015233,0.181053877,-0.362107754
12,1.44506979,-0.181053877,1.264015913,0.181053877,-0.362107754
12,1.422060013,-0.179519892,1.242540121,0.179519892,-0.359039784
12,1.368370056,-0.173383951,1.194986105,0.173383951,-0.346767902
12,1.307010174,-0.168781996,1.138228178,0.168781996,-0.337563992
12,1.233377934,-0.16418004,1.069197894,0.16418004,-0.32836008
12,1.142871857,-0.16111207,0.981759787,0.16111207,-0.32222414
12,1.075376034,-0.158043861,0.917332173,0.158043861,-0.316087722
12,0.96799612,-0.156509876,0.811486244,0.156509876,-0.313019752
12,0.856014013,-0.156509876,0.699504137,0.156509876,-0.313019752
12,0.747099876,-0.156509876,0.59059,0.156509876,-0.313019752
12,0.630516052,-0.156509876,0.474006176,0.156509876,-0.313019752
12,0.507796049,-0.156509876,0.351286173,0.156509876,-0.313019752
12,0.391211987,-0.156509876,0.234702111,0.156509876,-0.313019752
12,0.312978029,-0.156509876,0.156468153,0.156509876,-0.313019752
12,0.187190056,-0.156509876,0.03068018,0.156509876,-0.313019752
12,0.099751949,-0.156509876,-0.056757927,0.156509876,-0.313019752
12,-0.015298128,-0.156509876,-0.171808004,0.156509876,-0.313019752
12,-0.170232058,-0.156509876,-0.326741934,0.156509876,-0.313019752
12,-0.368118048,-0.158043861,-0.526161909,0.158043861,-0.316087722
12,-0.46936202,-0.158043861,-0.627405881,0.158043861,-0.316087722
12,-0.569072008,-0.158043861,-0.727115869,0.158043861,-0.316087722
12,-0.659578085,-0.158043861,-0.817621946,0.158043861,-0.316087722
12,-0.736278057,-0.158043861,-0.894321918,0.158043861,-0.316087722
12,-0.809910059,-0.158043861,-0.96795392,0.158043861,-0.316087722
12,-0.865134001,-0.159577847,-1.024711848,0.159577847,-0.319155694
12,-0.918823957,-0.16418004,-1.083003997,0.16418004,-0.32836008
12,-0.954106092,-0.165714025,-1.119820117,0.165714025,-0.33142805
12,-0.974048138,-0.165714025,-1.139762163,0.165714025,-0.33142805
12,-0.983252048,-0.16418004,-1.147432088,0.16418004,-0.32836008
12,-0.983252048,-0.165714025,-1.148966073,0.165714025,-0.33142805
12,-0.983252048,-0.16418004,-1.147432088,0.16418004,-0.32836008
12,-0.983252048,-0.16418004,-1.147432088,0.16418004,-0.32836008
12,-0.983252048,-0.16418004,-1.147432088,0.16418004,-0.32836008
12,-0.983252048,-0.16418004,-1.147432088,0.16418004,-0.32836008
12,-0.980184078,-0.16418004,-1.144364118,0.16418004,-0.32836008
12,-0.969446182,-0.16418004,-1.133626222,0.16418004,-0.32836008
12,-0.958708048,-0.16418004,-1.122888088,0.16418004,-0.32836008
12,-0.946436167,-0.16418004,-1.110616207,0.16418004,-0.32836008
12,-0.938766003,-0.165714025,-1.104480028,0.165714025,-0.33142805
12,-0.921892166,-0.165714025,-1.087606191,0.165714025,-0.33142805
12,-0.903484106,-0.16418004,-1.067664146,0.16418004,-0.32836008
12,-0.882008076,-0.16418004,-1.046188116,0.16418004,-0.32836008
12,-0.857464075,-0.16418004,-1.021644115,0.16418004,-0.32836008
12,-0.820647955,-0.16418004,-0.984827995,0.16418004,-0.32836008
12,-0.777696133,-0.16418004,-0.941876173,0.16418004,-0.32836008
12,-0.734744072,-0.16418004,-0.898924112,0.16418004,-0.32836008
12,-0.6825881,-0.16418004,-0.84676814,0.16418004,-0.32836008
12,-0.630432129,-0.16418004,-0.794612169,0.16418004,-0.32836008
12,-0.578276157,-0.16418004,-0.742456197,0.16418004,-0.32836008
12,-0.542994022,-0.13963604,-0.682630062,0.13963604,-0.27927208
12,-0.533790112,-0.099751949,-0.633542061,0.099751949,-0.199503898
12,-0.521517992,-0.089014053,-0.610532045,0.089014053,-0.178028106
12,-0.504644156,-0.092082024,-0.59672618,0.092082024,-0.184164048
12,-0.477031946,-0.090548038,-0.567579984,0.090548038,-0.181096076
12,-0.44481802,-0.090548038,-0.535366058,0.090548038,-0.181096076
12,-0.401865959,-0.090548038,-0.492413997,0.090548038,-0.181096076
12,-0.352777958,-0.090548038,-0.443325996,0.090548038,-0.181096076
12,-0.326699972,-0.092082024,-0.418781996,0.092082024,-0.184164048
12,-0.259204149,-0.090548038,-0.349752187,0.090548038,-0.181096076
12,-0.190174103,-0.090548038,-0.280722141,0.090548038,-0.181096076
12,-0.115008116,-0.090548038,-0.205556154,0.090548038,-0.181096076
12,-0.050580025,-0.090548038,-0.141128063,0.090548038,-0.181096076
12,0.044528008,-0.090548038,-0.04602003,0.090548038,-0.181096076
12,0.122761965,-0.090548038,0.032213927,0.090548038,-0.181096076
12,0.207131863,-0.090548038,0.116583825,0.090548038,-0.181096076
12,0.297637939,-0.090548038,0.207089901,0.090548038,-0.181096076
12,0.391211987,-0.089014053,0.302197934,0.089014053,-0.178028106
12,0.455640078,-0.090548038,0.36509204,0.090548038,-0.181096076
12,0.510864019,-0.089014053,0.421849966,0.089014053,-0.178028106
12,0.576826096,-0.092082024,0.484744072,0.092082024,-0.184164048
12,0.602904081,-0.148839951,0.45406413,0.148839951,-0.297679902
12,0.604438066,-0.245481968,0.358956098,0.245481968,-0.490963936
12,0.612107992,-0.309910059,0.302197933,0.309910059,-0.619820118
12,0.612107992,-0.335988045,0.276119947,0.335988045,-0.67197609
12,0.612107992,-0.345191956,0.266916036,0.345191956,-0.690383912
12,0.612107992,-0.355929852,0.25617814,0.355929852,-0.711859704
12,0.613641977,-0.35899806,0.254643917,0.35899806,-0.71799612
12,0.615175962,-0.35899806,0.256177902,0.35899806,-0.71799612
12,0.618243933,-0.35899806,0.259245873,0.35899806,-0.71799612
12,0.621311903,-0.35899806,0.262313843,0.35899806,-0.71799612
12,0.624379873,-0.35899806,0.265381813,0.35899806,-0.71799612
12,0.627448082,-0.35899806,0.268450022,0.35899806,-0.71799612
12,0.627448082,-0.35899806,0.268450022,0.35899806,-0.71799612
12,0.627448082,-0.35899806,0.268450022,0.35899806,-0.71799612
12,0.627448082,-0.35899806,0.268450022,0.35899806,-0.71799612
12,0.635118008,-0.360532045,0.274585963,0.360532045,-0.72106409
12,0.636651993,-0.35899806,0.277653933,0.35899806,-0.71799612
12,0.636651993,-0.360532045,0.276119948,0.360532045,-0.72106409
12,0.641253948,-0.35899806,0.282255888,0.35899806,-0.71799612
12,0.645855904,-0.35899806,0.286857844,0.35899806,-0.71799612
12,0.647389889,-0.35899806,0.288391829,0.35899806,-0.71799612
12,0.655060053,-0.35899806,0.296061993,0.35899806,-0.71799612
12,0.659662008,-0.360532045,0.299129963,0.360532045,-0.72106409
12,0.668865919,-0.35899806,0.309867859,0.35899806,-0.71799612
12,0.676536083,-0.35899806,0.317538023,0.35899806,-0.71799612
12,0.678070068,-0.35899806,0.319072008,0.35899806,-0.71799612
12,0.691875935,-0.360532045,0.33134389,0.360532045,-0.72106409
12,0.69954586,-0.360532045,0.339013815,0.360532045,-0.72106409
12,0.705682039,-0.35899806,0.346683979,0.35899806,-0.71799612
12,0.719487906,-0.35899806,0.360489846,0.35899806,-0.71799612
12,0.724090099,-0.35899806,0.365092039,0.35899806,-0.71799612
12,0.731760025,-0.35899806,0.372761965,0.35899806,-0.71799612
12,0.740963936,-0.35899806,0.381965876,0.35899806,-0.71799612
12,0.750168085,-0.35899806,0.391170025,0.35899806,-0.71799612
12,0.762439966,-0.35899806,0.403441906,0.35899806,-0.71799612
12,0.773178101,-0.35899806,0.414180041,0.35899806,-0.71799612
12,0.783915997,-0.35899806,0.424917937,0.35899806,-0.71799612
12,0.797721863,-0.354395866,0.443325997,0.354395866,-0.708791732
12,0.809993982,-0.352861881,0.457132101,0.352861881,-0.705723762
12,0.823800087,-0.352861881,0.470938206,0.352861881,-0.705723762
12,0.836071968,-0.346725941,0.489346027,0.346725941,-0.693451882
12,0.846809864,-0.342123985,0.504685879,0.342123985,-0.68424797
12,0.857547998,-0.33752203,0.520025968,0.33752203,-0.67504406
12,0.872888088,-0.332920074,0.539968014,0.332920074,-0.665840148
12,0.886693954,-0.329851866,0.556842088,0.329851866,-0.659703732
12,0.895897865,-0.326783895,0.56911397,0.326783895,-0.65356779
12,0.906635761,-0.32218194,0.584453821,0.32218194,-0.64436388
12,0.920442104,-0.320647955,0.599794149,0.320647955,-0.64129591
12,0.93118,-0.314512014,0.616667986,0.314512014,-0.629024028
12,0.944985867,-0.312978029,0.632007838,0.312978029,-0.625956058
12,0.954189777,-0.309910059,0.644279718,0.309910059,-0.619820118
12,0.96492815,-0.30377388,0.66115427,0.30377388,-0.60754776
12,0.981801987,-0.30377388,0.678028107,0.30377388,-0.60754776
12,0.995607853,-0.297637939,0.697969914,0.297637939,-0.595275878
12,1.004811764,-0.294569969,0.710241795,0.294569969,-0.589139938
12,1.015550137,-0.291501999,0.724048138,0.291501999,-0.583003998
12,1.026288033,-0.288434029,0.737854004,0.288434029,-0.576868058
12,1.038559914,-0.286900043,0.751659871,0.286900043,-0.573800086
12,1.056968212,-0.277695894,0.779272318,0.277695894,-0.555391788
12,1.072308064,-0.277695894,0.79461217,0.277695894,-0.555391788
12,1.08611393,-0.268491983,0.817621947,0.268491983,-0.536983966
12,1.098385811,-0.265424013,0.832961798,0.265424013,-0.530848026
12,1.106056213,-0.227073908,0.878982305,0.227073908,-0.454147816
12,1.107590199,-0.153441906,0.954148293,0.153441906,-0.306883812
12,1.110658169,-0.098217964,1.012440205,0.098217964,-0.196435928
12,1.110658169,-0.095149994,1.015508175,0.095149994,-0.190299988
12,1.110658169,-0.089014053,1.021644116,0.089014053,-0.178028106
12,1.110658169,-0.076741934,1.033916235,0.076741934,-0.153483868
12,1.112192154,-0.075207949,1.036984205,0.075207949,-0.150415898
12,1.116794109,-0.075207949,1.04158616,0.075207949,-0.150415898
12,1.121396065,-0.075207949,1.046188116,0.075207949,-0.150415898
12,1.127532005,-0.075207949,1.052324056,0.075207949,-0.150415898
12,1.138269901,-0.075207949,1.063061952,0.075207949,-0.150415898
12,1.145939827,-0.075207949,1.070731878,0.075207949,-0.150415898
12,1.15974617,-0.075207949,1.084538221,0.075207949,-0.150415898
12,1.168950081,-0.075207949,1.093742132,0.075207949,-0.150415898
12,1.181221962,-0.075207949,1.106014013,0.075207949,-0.150415898
12,1.190425873,-0.075207949,1.115217924,0.075207949,-0.150415898
12,1.204232216,-0.075207949,1.129024267,0.075207949,-0.150415898
12,1.218038082,-0.076741934,1.141296148,0.076741934,-0.153483868
12,1.227241993,-0.075207949,1.152034044,0.075207949,-0.150415898
12,1.241047859,-0.076741934,1.164305925,0.076741934,-0.153483868
12,1.257922173,-0.076741934,1.181180239,0.076741934,-0.153483868
12,1.273262024,-0.076741934,1.19652009,0.076741934,-0.153483868
12,1.288601875,-0.076741934,1.211859941,0.076741934,-0.153483868
12,1.302408218,-0.079809904,1.222598314,0.079809904,-0.159619808
12,1.31774807,-0.08441186,1.23333621,0.08441186,-0.16882372
12,1.330019951,-0.087480068,1.242539883,0.087480068,-0.174960136
12,1.343825817,-0.092082024,1.251743793,0.092082024,-0.184164048
12,1.35456419,-0.098217964,1.256346226,0.098217964,-0.196435928
12,1.362234116,-0.10281992,1.259414196,0.10281992,-0.20563984
12,1.372972012,-0.10588789,1.267084122,0.10588789,-0.21177578
12,1.383709908,-0.110489845,1.273220063,0.110489845,-0.22097969
12,1.391379833,-0.115092039,1.276287794,0.115092039,-0.230184078
12,1.397515774,-0.116626024,1.28088975,0.116626024,-0.233252048
12,1.405186176,-0.118160009,1.287026167,0.118160009,-0.236320018
12,1.412856102,-0.12122798,1.291628122,0.12122798,-0.24245596
12,1.422060013,-0.125829935,1.296230078,0.125829935,-0.25165987
12,1.428195953,-0.12736392,1.300832033,0.12736392,-0.25472784
12,1.431263924,-0.13043189,1.300832034,0.13043189,-0.26086378
12,1.435865879,-0.133499861,1.302366018,0.133499861,-0.266999722
12,1.440467834,-0.136568069,1.303899765,0.136568069,-0.273136138
12,1.44200182,-0.136568069,1.305433751,0.136568069,-0.273136138
12,1.44200182,-0.13963604,1.30236578,0.13963604,-0.27927208
12,1.44200182,-0.141170025,1.300831795,0.141170025,-0.28234005
12,1.452740192,-0.14577198,1.306968212,0.14577198,-0.29154396
12,1.474215984,-0.14577198,1.328444004,0.14577198,-0.29154396
12,1.474215984,-0.147305965,1.326910019,0.147305965,-0.29461193
12,1.474215984,-0.148839951,1.325376033,0.148839951,-0.297679902
12,1.474215984,-0.148839951,1.325376033,0.148839951,-0.297679902
12,1.474215984,-0.148839951,1.325376033,0.148839951,-0.297679902
12,1.474215984,-0.148839951,1.325376033,0.148839951,-0.297679902
12,1.474215984,-0.148839951,1.325376033,0.148839951,-0.297679902
12,1.474215984,-0.148839951,1.325376033,0.148839951,-0.297679902
12,1.474215984,-0.148839951,1.325376033,0.148839951,-0.297679902
12,1.474215984,-0.148839951,1.325376033,0.148839951,-0.297679902
12,1.474215984,-0.148839951,1.325376033,0.148839951,-0.297679902
12,1.474215984,-0.148839951,1.325376033,0.148839951,-0.297679902
12,1.474215984,-0.148839951,1.325376033,0.148839951,-0.297679902
12,1.474215984,-0.148839951,1.325376033,0.148839951,-0.297679902
12,1.474215984,-0.148839951,1.325376033,0.148839951,-0.297679902
12,1.474215984,-0.148839951,1.325376033,0.148839951,-0.297679902
12,1.474215984,-0.148839951,1.325376033,0.148839951,-0.297679902
12,1.48188591,-0.148839951,1.333045959,0.148839951,-0.297679902
12,1.500294209,-0.148839951,1.351454258,0.148839951,-0.297679902
12,1.504896164,-0.148839951,1.356056213,0.148839951,-0.297679902
12,1.503362179,-0.148839951,1.354522228,0.148839951,-0.297679902
12,1.504896164,-0.148839951,1.356056213,0.148839951,-0.297679902
12,1.504896164,-0.148839951,1.356056213,0.148839951,-0.297679902
12,1.504896164,-0.148839951,1.356056213,0.148839951,-0.297679902
12,1.504896164,-0.148839951,1.356056213,0.148839951,-0.297679902
12,1.504896164,-0.148839951,1.356056213,0.148839951,-0.297679902
12,1.504896164,-0.150373936,1.354522228,0.150373936,-0.300747872
12,1.504896164,-0.148839951,1.356056213,0.148839951,-0.297679902
12,1.504896164,-0.148839951,1.356056213,0.148839951,-0.297679902
12,1.504896164,-0.148839951,1.356056213,0.148839951,-0.297679902
12,1.504896164,-0.148839951,1.356056213,0.148839951,-0.297679902
12,1.504896164,-0.148839951,1.356056213,0.148839951,-0.297679902
12,1.503362179,-0.148839951,1.354522228,0.148839951,-0.297679902
12,1.504896164,-0.148839951,1.356056213,0.148839951,-0.297679902
12,1.503362179,-0.148839951,1.354522228,0.148839951,-0.297679902
12,1.501828194,-0.148839951,1.352988243,0.148839951,-0.297679902
